line	section	text
4	Methods	Guangzhou, China. 2Department of Musculoskeletal Oncology, First Affiliated Hospital, Sun Yat-Sen University, Guangzhou, China. 3National Institute
5	Methods	of Biological Sciences, Beijing, China. 4Department of Clinical Oncology, The University of Hong Kong, Hong Kong, China. 5School of Materials Science
6	Methods	and Engineering, Sun Yat-sen University, Guangzhou, China. 6Institute of Functional Nano and Soft Materials (FUNSOM) and Collaborative Innovation
7	Methods	Center of Suzhou Nano Science and Technology, Soochow University, Suzhou, China. 7These authors contributed equally: Dan Liao, Li Zhong, Junqiang Yin.
10	Methods	steosarcoma is the most common primary malignant
11	Methods	tumour originating from bone in adolescents and chil-
13	Methods	60–70% 5-yr-survival rate, this number drops to 20% for metastatic
14	Methods	cases1–5. Osteosarcoma is characterized by marked instability of its
16	Methods	mosomal aneuploidy and chromosomal rearrangements6–12. The
20	Methods	varying functions and inactivation of many key tumour suppres-
21	Methods	sor genes including TP536,13 and ATRX7,9,14,15. There are no therapies
22	Methods	for osteosarcoma targeting truncated or fusion proteins, although
24	Methods	gets for other cancer types in the clinic16–19.
25	Methods	Prevailing algorithms that search RNA sequences for struc-
27	Methods	means that very few fusions involving long non-coding RNAs have
29	Methods	from structural variation-induced fusion from cancers including
30	Methods	osteosarcoma are derived from exons only20,21. Nevertheless, chro-
32	Methods	potential to promote metastasis22. Owing to variation in recombina-
33	Methods	tion sites, variations including exon–exon and exon–intron fusions
38	Methods	tion. We identified exon–intron fusion genes that juxtapose amino
39	Methods	acids 1–38 of the trafficking-related Rab22a protein (Rab22a1–38)
40	Methods	with inverted introns and untranslated regions of chromosome 20
43	Methods	promote osteosarcoma lung metastasis—as Rab22a-NeoFs. The
44	Methods	Rab22a1–38 moiety exhibits constitutive binding to SmgGDS-607
45	Methods	to activate RhoA and is sufficient to promote osteosarcoma lung
46	Methods	metastasis. Rab22a-NeoF1-mediated lung metastasis was abrogated
47	Methods	by the tumour-homing and cell-penetrating peptide iRGD, which
48	Methods	targets the interaction with SmgGDS-607.
51	Results	rant Rab22a as the driver for osteosarcoma lung metastasis. To
53	Results	paired-end RNA-sequencing (RNA-seq) analysis of ZOS and
55	Results	sarcoma from the primary site and skip metastases23, respectively,
56	Results	as well as the osteosarcoma cell lines HOS, MNNG-HOS, U2OS,
57	Results	MG63, 143B, U2OS/MTX300 and SaOS224,25; hFOB1.19, the normal
58	Results	human osteoblastic cell line, was used as control. We searched spe-
59	Results	cifically for fusion genes using TopHat-fusion and SQUID, which
62	Results	transcripts related to RAB22A which we called RAB22A-NeoF1–6;
63	Results	these transcripts contain the first two exons of RAB22A, which
64	Results	encode the first 38 amino acids of Rab22a and multiple inverted
65	Results	non-coding regions of chromosome 20 (Fig. 1a). The six fusion
68	Results	Rab22a drives metastasis of osteosarcoma
69	Results	Dan Liao   1,7, Li Zhong   1,7, Junqiang Yin   2,7, Cuiling Zeng   1, Xin Wang1, Xingchuan Huang   3,
70	Results	Jinna Chen   4, Hong Zhang1, Ruhua Zhang1, Xin-Yuan Guan   1,4, Xintao Shuai5, Jianhua Sui   3,
71	Results	Song Gao   1, Wuguo Deng1, Yi-Xin Zeng   1, Jing-Nan Shen   2 ✉, Jian Chen   6 ✉ and Tiebang Kang   1 ✉
72	Results	Osteosarcoma is a type of aggressive malignant bone tumour that frequently metastasizes to lungs, resulting in poor progno-
73	Results	sis. However, the molecular mechanisms of lung metastasis of osteosarcoma remain poorly understood. Here we identify exon–
75	Results	that juxtapose the coding region for amino acids 1–38 of Rab22a (Rab22a1–38) with multiple inverted introns and untranslated
76	Results	regions of chromosome 20. The resulting translation products, designated Rab22a-NeoFs, acquire the ability to drive lung
77	Results	metastasis of osteosarcoma. The Rab22a1–38 moiety governs the function of Rab22a-NeoFs by binding to SmgGDS-607, a GTP–
78	Results	GDP exchange factor of RhoA. This association facilitates the release of GTP-bound RhoA from SmgGDS-607, which induces
79	Results	increased activity of RhoA and promotes metastasis. Disrupting the interaction between Rab22a-NeoF1 and SmgGDS-607 with
80	Results	a synthetic peptide prevents lung metastasis in an orthotopic model of osteosarcoma. Our findings may provide a promising
81	Results	strategy for a subset of osteosarcoma patients with lung metastases.
83	Results	868
86	Results	(RT–PCR) (Extended Data Fig. 1a). Whole-genome sequencing
87	Results	of ZOS and ZOS-M cells revealed that the RAB22A region was
89	Results	(Extended Data Fig. 1b,c). These fusions were derived from chro-
90	Results	moplexy involving multiple rearrangements between chromosome
91	Results	20 and chromosome 8 (Supplementary Table 1), which are similar to
92	Results	many of the EWSR1-ETS fusions associated with Ewing sarcoma26,27.
94	Results	when these fusion transcripts were overexpressed in 143B and U2OS/
95	Results	MTX300 cells (Extended Data Fig. 1d–f). To determine the fre-
96	Results	quency of RAB22A-NeoF1–6 fusions in osteosarcoma, we screened
97	Results	97 clinical samples using RT–PCR to find two that harboured simi-
98	Results	lar structural variations. Sanger sequencing confirmed that one
99	Results	was RAB22A-NeoF1 and the other was RAB22A-NeoF6 (Fig. 1b,c).
100	Results	Notably, 2 out of 37 (5.4%) osteosarcoma samples from patients
101	Results	with metastasis were positive for RAB22A-NeoF fusion transcripts,
102	Results	but all 60 osteosarcoma samples from patients without metastasis
103	Results	were negative for the transcripts. The 2 RAB22A-NeoF-positive
104	Results	patients had a median survival time of 9.5 months, whereas the 35
105	Results	RAB22A-NeoF-negative patients with metastasis had a median sur-
106	Results	vival time of 19 months (Supplementary Table 2).
107	Results	Since Rab22a-NeoF1–6 all contain Rab22a1–38, this suggests that
108	Results	residues 1–38 of Rab22a are crucial for their functions. Indeed,
109	Results	when stably expressed in 143B or U2OS/MTX300 cells, Rab22a1–38,
110	Results	Rab22a1–38 conjugated to green fluorescent protein (Rab22a1–38–
111	Results	GFP) and Rab22a-NeoF1 (the longest fusion transcript) promoted
112	Results	cell migration and invasion, but not cell proliferation (Fig. 1d
113	Results	and Extended Data Fig. 1g). Furthermore, using these stable cell
115	Results	Rab22a-NeoF1, Rab22a1–38 and Rab22a1–38–GFP promoted lung
116	Results	metastases, as indicated by increases in wet lung weight and the
117	Results	number of metastatic nodules in lungs (Fig. 1e–g and Extended Data
118	Results	Fig. 1h) and decreased the survival time of mice (Extended Data
119	Results	Fig. 1i,j). Similarly, Rab22a-NeoF2, Rab22a-NeoF3, Rab22a-NeoF4,
120	Results	Rab22a-NeoF5 and Rab22a-NeoF6 were able to drive lung metasta-
121	Results	ses of 143B cells stably expressing these fusion genes in this ortho-
122	Results	topic model of metastasis (Fig. 2a–d). These results demonstrate
123	Results	that Rab22a1–38 determines the functions of Rab22a-NeoF1–6 and
124	Results	drives osteosarcoma lung metastasis.
127	Results	fusions involving RAB22A in the cBio data portal, one of which
128	Results	has Rab22a1–38 fused to neurogenic differentiation factor 2 (neu-
129	Results	roD2) (Supplementary Table 3). A search of the Cancer Cell Line
130	Results	Encyclopedia (CCLE) RNA-seq dataset showed that the BT-474
131	Results	breast cancer cell line and HCC2935 lung cancer cell line contain
132	Results	fusions of RAB22A1–38 with MYO9B and TEF, respectively (hereafter
133	Results	referred to as RAB22A-MYO9B and RAB22A-TEF; Supplementary
134	Results	Table 4); this was further validated by RT–PCR and Sanger sequenc-
135	Results	ing (Fig. 2e). Using specific short interfering RNAs (siRNAs) or
136	Results	short hairpin RNAs (shRNAs) targeting the RAB22A-MYO9B
137	Results	and RAB22A-TEF sequences to knock down these fusion genes in
138	Results	BT-474 cells and HCC2935 cells, respectively (Fig. 2f–i), reduced
139	Results	cell migration and invasion (Fig. 2j). Lung metastases of BT-474 cells
140	Results	were also decreased when RAB22A-MYO9B was knocked down in
141	Results	a tail-vein-injection model (Fig. 2k–m). These results indicate that
142	Results	fusion genes that encode Rab22a1–38 occur and drive metastasis in
144	Results	RAB22A-NeoF1 is required for lung metastasis of osteosarcoma.
145	Results	Overexpression of the six Rab22a-NeoFs in U2OS cells revealed
146	Results	that the protein products of RAB22A-NeoF1 and RAB22A-NeoF5
147	Results	were more stable than those of RAB22A-NeoF2, RAB22A-NeoF3,
148	Results	RAB22A-NeoF4 and RAB22A-NeoF6, which were more eas-
150	Results	Fig. 2a). As RAB22A-NeoF1 and RAB22A-NeoF2 accounted for the
151	Results	majority of reads of RAB22A-NeoF1–6 transcripts (Extended Data
152	Results	Fig. 2b), the functions of endogenous RAB22A-NeoFs are likely to
153	Results	be dominated by RAB22A-NeoF1 in both ZOS and ZOS-M cells,
154	Results	although endogenous Rab22a-NeoF2–6 proteins were also detect-
155	Results	able in both cell types (Extended Data Fig. 2c). Therefore, we
156	Results	selected RAB22A-NeoF1 for further investigation in this study.
157	Results	We amplified full-length RAB22A-NeoF1 by 3′ and 5′ rapid
159	Results	ing sequence for Rab22a1–38 and inverted intron sequences from
160	Results	between exon 1 and exon 2 of DOK5. The predicted open read-
161	Results	ing frame corresponds to a coding sequence for 186 amino acids
162	Results	(Extended Data Fig. 2d). The presence of the RAB22A-NeoF1 tran-
164	Results	(FISH), showing that it is specific to osteosarcoma tissues and ZOS
165	Results	and ZOS-M cells (Fig. 3a and Extended Data Fig. 2e,f). To examine
166	Results	endogenous Rab22a-NeoF1 in cell lines and tumour tissues, we gen-
167	Results	erated a Rab22a-NeoF1-specific monoclonal antibody (RAD5-8)
168	Results	and a humanized version (hRAD5-8-v1-R5) using the sequence
169	Results	68QQKSTTPASNHGKSR82 as epitope (Extended Data Fig. 3a). Using
170	Results	ZOS-M cells as a positive control, we showed that hRAD5-8-v1-R5
171	Results	could detect endogenous Rab22a-NeoF1 immunoprecipitated by
172	Results	RAD5-8 antibody from RAB22A-NeoF1-positive T2 tumour tis-
173	Results	sues, but not from RAB22A-NeoF1-negative T3 tumour tissues, as
174	Results	indicated by RT–PCR (Figs. 1b and 3b), although the signal was
175	Results	relatively low, probably because the RAB22A-NeoF1-positive tis-
176	Results	sues made up a small proportion of the tumour tissues, as indi-
177	Results	cated by FISH (Fig. 3a). We also designed two siRNAs targeting
178	Results	the inverted intron sequence of DOK5, which efficiently knocked
179	Results	down RAB22A-NeoF1 expression without affecting mRNA levels of
180	Results	RAB22A or DOK5 (Extended Data Fig. 3b). Knockdown of endog-
181	Results	enous Rab22a-NeoF1 inhibited cell migration and invasion in both
183	Results	reintroduction of Rab22a-NeoF1 (Fig. 3c,d and Extended Data Fig.
184	Results	3c,d). Ectopic expression of Rab22a-NeoF1 increased migration and
185	Results	invasion in multiple osteosarcoma cell lines (Fig. 3e and Extended
186	Results	Data Fig. 3e,f). In an in  vivo orthotopic model of osteosarcoma
187	Fig. 1	Fig. 1 | Identification of the chromosomal translocation-derived aberrant Rab22a fusions as the driver for lung metastasis of osteosarcoma. a,
188	Fig. 1	Illustration of RAB22A-NeoF1–6 and their transcripts. Amino acids 1–38 of Rab22a were inversely juxtaposed with six inverted introns or untranslated
189	Fig. 1	regions of chromosome 20, which were designated as Rab22a-NeoF1–6. Length of the translation product in amino acids (aa) is shown. The longest,
190	Fig. 1	Rab22a-NeoF1, was formed by amino acids 1–38 of Rab22a conjugated to the inverted intron sequences between exon 1 and exon 2 of DOK5. Solid black
191	Fig. 1	arrows indicate the orientation of the fused gene. GTA, GAT, and GGATAA denote the start codon, stop codon and the last six bases of the RAB22A fusion
192	Fig. 1	DNAs, respectively. b,c, Left: RT–PCR of RAB22A-NeoF1 (b) and RAB22A-NeoF6 (c) from osteosarcoma tissues (T1 to T5 and T99). ZOS cells served as
193	Fig. 1	the positive control. M, size marker; NC, sterile ddH2O served as the negative control. Right: chromatogram from Sanger sequencing of the PCR product,
194	Fig. 1	showing the reading frame at the break points. Data are representative of n = 3 biologically independent experiments. d, Quantification of migration and
195	Fig. 1	invasion assays using stable cell lines expressing the indicated proteins. Data are mean ± s.d. of n = 3 biologically independent experiments. P values
196	Fig. 1	are shown; two-tailed Student’s t-test. Vector, vector-only control. e–g, The in vivo orthotopic model of osteosarcoma metastasis using stable cell lines
197	Fig. 1	expressing the indicated proteins (n = 6 biologically independent mice). e, Representative images of mice. f, Haematoxylin and eosin (H&E) staining of
198	Fig. 1	lungs of representative tumour-bearing nude mice. Scale bars, 5 mm. g, Quantification of lung nodules. Data are mean ± s.d. P values are shown; two-tailed
201	Fig. 1	869
204	Fig. 1	metastasis, ectopic Rab22a-NeoF1 promoted lung metastases
206	Fig. 1	Rab22a-NeoF1 had opposite effects (Fig. 3f–k and Extended Data
207	Fig. 1	Fig. 3g–k). These results were consistent with results obtained using
209	Fig. 1	metastasis (Extended Data Fig. 3l,m).
212	Fig. 1	safe28,29. To efficiently target RAB22A-NeoF1 using siRNA to inhibit
213	Fig. 1	lung metastasis of osteosarcoma in vivo, we used polyethylene glycol
214	Fig. 1	(PEG)-grafted polyethyleneimine (PEI) bearing RAB22A-NeoF1
215	Fig. 1	siRNA (RAB22A-NeoF1 siRNA-PEG-g-PEI). RAB22A-NeoF1
219	Fig. 1	T2
220	Fig. 1	T3
221	Fig. 1	T4
222	Fig. 1	T5
223	Fig. 1	T1
226	Fig. 1	400
229	Fig. 1	300
230	Fig. 1	200
231	Fig. 1	100
232	Fig. 1	Rab22a-NeoF1
234	Fig. 1	RAB22A exon2
235	Fig. 1	Inverse DOK5 intron1
238	Fig. 1	T99
241	Fig. 1	400
242	Fig. 1	300
243	Fig. 1	200
244	Fig. 1	100
245	Fig. 1	Rab22a-NeoF6
247	Fig. 1	RAB22A exon2
251	Fig. 1	143B
252	Fig. 1	U2OS/MTX300
254	Fig. 1	Rab22a-NeoF1
255	Fig. 1	Rab22a1–38
256	Fig. 1	Rab22a1–38–GFP
257	Fig. 1	5 mm
258	Fig. 1	5 mm
259	Fig. 1	5 mm
260	Fig. 1	5 mm
261	Fig. 1	5 mm
262	Fig. 1	5 mm
263	Fig. 1	5 mm
264	Fig. 1	5 mm
265	Fig. 1	Lung metastasis (nodules)
267	Fig. 1	Rab22a-NeoF1
268	Fig. 1	Rab22a1–38
269	Fig. 1	Rab22a1–38–GFP
271	Fig. 1	Rab22a-NeoF1
272	Fig. 1	Rab22a1–38
273	Fig. 1	Rab22a1–38–GFP
274	Fig. 1	0
275	Fig. 1	5
276	Fig. 1	10
277	Fig. 1	15
278	Fig. 1	20
279	Fig. 1	25
280	Fig. 1	143B
281	Fig. 1	U2OS/MTX300
282	Fig. 1	P = 0.0003
283	Fig. 1	P = 0.0036
284	Fig. 1	P = 0.0006
285	Fig. 1	P < 0.0001
286	Fig. 1	P < 0.0001
287	Fig. 1	P < 0.0001
288	Fig. 1	g
290	Fig. 1	Rab22a-NeoF1
291	Fig. 1	Rab22a1–38
292	Fig. 1	Rab22a1–38–GFP
293	Fig. 1	143B
294	Fig. 1	U2OS/MTX300
296	Fig. 1	143B
297	Fig. 1	U2OS/MTX300
298	Fig. 1	143B
299	Fig. 1	U2OS/MTX300
300	Fig. 1	0
301	Fig. 1	2
302	Fig. 1	4
303	Fig. 1	6
305	Fig. 1	Rab22a-NeoF1
306	Fig. 1	Rab22a1–38
307	Fig. 1	Rab22a1–38–GFP
310	Fig. 1	P = 0.0004
311	Fig. 1	P = 0.001
312	Fig. 1	P = 0.0043
313	Fig. 1	P = 0.0136
314	Fig. 1	P = 0.002
315	Fig. 1	P = 0.0037
316	Fig. 1	P = 0.0022
317	Fig. 1	P = 0.0002
318	Fig. 1	P = 0.0046
319	Fig. 1	P = 0.0005
320	Fig. 1	P = 0.0001
321	Fig. 1	P = 0.0005
323	Fig. 1	Exon1
324	Fig. 1	Exon2
325	Fig. 1	RAB22A
326	Fig. 1	Exon1
327	Fig. 1	Exon2
329	Fig. 1	Rab22a-NeoF1 (186 aa)
330	Fig. 1	Rab22a-NeoF2 (53 aa)
331	Fig. 1	Exon1
332	Fig. 1	DOK5
333	Fig. 1	Exon2
335	Fig. 1	Exon1
336	Fig. 1	Exon2
337	Fig. 1	Exon1
338	Fig. 1	Exon2
339	Fig. 1	Exon1
340	Fig. 1	Exon2
341	Fig. 1	Exon1
342	Fig. 1	Exon2
343	Fig. 1	Exon1
344	Fig. 1	Exon2
350	Fig. 1	Rab22a-NeoF3 (54 aa)
351	Fig. 1	Rab22a-NeoF4 (111 aa)
352	Fig. 1	Rab22a-NeoF6 (53 aa)
353	Fig. 1	Rab22a-NeoF5 (65 aa)
354	Fig. 1	20q13.2
355	Fig. 1	20q13.32
356	Fig. 1	GGATAA
357	Fig. 1	ATG
358	Fig. 1	AATAGG
360	Fig. 1	1
361	Fig. 1	38
362	Fig. 1	2.5
363	Fig. 1	2.0
364	Fig. 1	1.5
365	Fig. 1	Radiance (×107 p s–1 cm–2 sr–1)
366	Fig. 1	1.0
367	Fig. 1	0.5
369	Fig. 1	870
372	Fig. 1	siRNA-PEG-g-PEI impeded cell migration and invasion of ZOS-M
373	Fig. 1	cells that endogenously express Rab22a-NeoF1, but did not
374	Fig. 1	impede cell migration and invasion of U2OS/MTX300 cells that
375	Fig. 1	do not express Rab22a-NeoF1 (Fig. 3l). Of note, RAB22A-NeoF1
376	Fig. 1	siRNA-PEG-g-PEI inhibited lung metastasis of ZOS-M cells but not
377	Fig. 1	those of U2OS/MTX300 cells in the in vivo orthotopic model of
378	Fig. 1	osteosarcoma metastasis (Fig. 3m). Collectively, these results fur-
379	Fig. 1	ther indicate that the functions of endogenous Rab22a-NeoFs are
380	Fig. 1	dominated by Rab22a-NeoF1 in both ZOS and ZOS-M cells, and
381	Fig. 1	that Rab22a-NeoF1 is a potential therapeutic target in patients with
383	Fig. 1	Rab22a-NeoF1 promotes lung metastasis by activating RhoA.
384	Fig. 1	To investigate how Rab22a-NeoF1 drives metastasis, we per-
386	Fig. 1	etry (TAP–MS) to explore the Rab22a-NeoF1 protein interactome.
388	Fig. 1	tasis—such as RhoA, Cdc42 and Rac130,31—in the TAP–MS data
389	Fig. 1	(Extended Data Fig. 4a and Supplementary Table 5). To confirm
390	Fig. 1	the interaction between Rab22a-NeoF1 and Rho family members
391	Fig. 1	(RhoA, RhoB, RhoC, Rac1 and Cdc42), we performed coimmuno-
392	Fig. 1	precipitation using ectopically expressed proteins. Rab22a-NeoF1
393	Fig. 1	coimmunoprecipitated with RhoA, RhoB and RhoC but not
394	Fig. 1	with Rac1 or Cdc42, whereas wild-type Rab22a did not coim-
396	Fig. 1	Fig. 4b,c). Ectopic expression of Rab22a-NeoF1 also increased
399	Fig. 1	on RhoB or RhoC (Fig. 4a and Extended Data Fig. 4d). By con-
400	Fig. 1	trast, knockdown of Rab22a-NeoF1 decreased both RhoA–GTP
401	Fig. 1	and membrane-associated RhoA (Fig. 4b). In addition, complexes
402	Fig. 1	containing Rab22a-NeoF1 and RhoA were detectable at both
403	Fig. 1	ectopic and endogenous levels of Rab22a-NeoF1 (Extended Data
404	Fig. 1	Fig. 4e,f). These results indicate that RhoA is a key functional part-
405	Fig. 1	ner of Rab22a-NeoF1.
407	Fig. 1	ectopic Rab22a-NeoF1 was abrogated by treatment with short hair-
408	Fig. 1	pin RNAs targeting RhoA (shRhoA #1 and shRhoA #2) or with
409	Fig. 1	the RhoA inhibitor CT04 (Fig. 4c,d and Extended Data Fig. 4g–k).
410	Fig. 1	Knockout of RhoA using clustered regularly interspaced short pal-
411	Fig. 1	indromic repeats (CRISPR)–CRISPR-associated protein 9 (Cas9)
412	Fig. 1	with the single guide RNAs (sgRNAs) sgRhoA #1 and sgRhoA #2
413	Fig. 1	abolished Rab22a-NeoF1-induced enhancement of cell migration,
415	Fig. 1	reintroduced into these cells (Extended Data Fig. 5a–c). The impair-
417	Fig. 1	of Rab22a-NeoF1 was rescued by ectopic expression of RhoA in the
418	Fig. 1	cells (Fig. 4e,f). Furthermore, in both the orthotopic osteosarcoma
420	Fig. 1	promotion of lung metastases by ectopic Rab22a-NeoF1 was abro-
421	Fig. 1	gated by shRhoA #1 and shRhoA #2, and knockdown of RhoA pro-
422	Fig. 1	longed the survival of mice induced by Rab22a-NeoF1 (Fig. 4g–j
423	Fig. 1	and Extended Data Fig. 5d–g). Together, these results suggest that
424	Fig. 1	Rab22a-NeoF1 promotes osteosarcoma lung metastasis by activat-
425	Fig. 1	ing RhoA.
426	Fig. 1	Rab22a-NeoF1 constitutively binds to a negatively charged region
427	Fig. 1	of SmgGDS-607. We further mined the TAP–MS data for infor-
428	Fig. 1	mation on how RhoA is activated by Rab22a-NeoF1. We turned
429	Fig. 1	our attention to RAP1GDS1 (also known as SmgGDS and GDS1),
431	Fig. 1	RhoC32 (Extended Data Fig. 4a). We co-transfected two isoforms
432	Fig. 1	of SmgGDS, SmgGDS-558 and SmgGDS-607, with either Rab22a
433	Fig. 1	or Rab22a-NeoF1 tagged with S protein–Flag–streptavidin-binding
434	Fig. 1	peptide (SFB). Rab22a-NeoF1 exhibited stronger binding than
435	Fig. 1	Rab22a to both SmgGDS-558 and SmgGDS-607, with a preference
436	Fig. 1	for SmgGDS-607 (Fig. 5a). SmgGDS-607 was more highly expressed
437	Fig. 1	than SmgGDS-558 in osteosarcoma cell lines (Extended Data Fig.
438	Fig. 1	6a,b). The interaction between Rab22a-NeoF1 and SmgGDS-607
440	Fig. 1	teins (Fig. 5a and Extended Data Fig. 6c,d).
441	Fig. 1	A negatively charged region of SmgGDS is reported to be crucial
442	Fig. 1	for its association with RhoA, as the E254K/D256K double mutant
443	Fig. 1	of SmgGDS-607 diminishes its RhoA-binding ability32–34. This
444	Fig. 1	region of SmgGDS is also important for the interaction between
445	Fig. 1	Rab22a-NeoF1 and SmgGDS, as SmgGDS(E254K/D256K) failed to
446	Fig. 1	bind Rab22a-NeoF1 (Fig. 5b). Moreover, the interaction between
447	Fig. 1	SmgGDS-607 and RhoA was notably diminished in the presence of
448	Fig. 1	Rab22a-NeoF1 (Fig. 5c). These results indicate that Rab22a-NeoF1
449	Fig. 1	influences the binding of SmgGDS-607 to RhoA.
450	Fig. 1	Knockout of SmgGDS using CRISPR–Cas9 and sgRNAs sgSmg-
451	Fig. 1	GDS #1 and sgSmgGDS #2 abolished the increased cell migra-
452	Fig. 1	tion, invasion and adhesion induced by Rab22a-NeoF1; these
453	Fig. 1	effects were rescued by reintroduction of wild-type SmgGDS,
454	Fig. 1	but not SmgGDS(E254K/D256K), into these cells (Fig. 5d,e and
455	Fig. 1	Extended Data Fig. 6e,f). Furthermore, in the orthotopic osteo-
456	Fig. 1	sarcoma metastasis model, the promotion of lung metastases by
457	Fig. 1	ectopic Rab22a-NeoF1 was abrogated by sgSmgGDS #1 and sgSmg-
458	Fig. 1	GDS #2, and knockout of SmgGDS prolonged the survival of mice
459	Fig. 1	bearing tumours overexpressing Rab22a-NeoF1. These pheno-
460	Fig. 1	types were completely restored when wild-type SmgGDS, but not
461	Fig. 1	SmgGDS(E254K/D256K), was reintroduced into these cells (Fig.
462	Fig. 1	5f–i and Extended Data Fig. 6g–j). In addition, adhesion, migra-
463	Fig. 1	tion, invasion and lung metastases were impaired by knocking
464	Fig. 1	down SmgGDS-607 in ZOS-M cells with endogenous expression of
465	Fig. 1	Rab22a-NeoF1 (Extended Data Fig. 7a–g). These results suggest that
466	Fig. 1	the association with SmgGDS-607 is required for Rab22a-NeoF1 to
467	Fig. 1	promote osteosarcoma lung metastasis.
468	Fig. 2	Fig. 2 | Fusion genes containing coding sequences for Rab22a1–38 drive lung metastasis in multiple cancers. a–d, The in vivo orthotopic model of
469	Fig. 2	osteosarcoma metastasis using stable cell lines expressing Rab22a-NeoF2–6 (n = 6 biologically independent animals). a, Representative images of mice.
470	Fig. 2	b, H&E staining of lungs from representative tumour-bearing nude mice, Scale bars, 5 mm. c,d, Quantification of wet lung weight (c) and lung nodules
471	Fig. 2	(d). Data are mean ± s.d. of n = 6 biologically independent animals. P values are shown; two-tailed Student’s t-test. e, RT–PCR of RAB22A-MYO9B
472	Fig. 2	and RAB22A-TEF from BT-474 and HCC2935 cells. Sanger sequence chromatograms are shown in the reading frame. Data are representative of n = 3
473	Fig. 2	biologically independent experiments. Vector, vector-only control. f,g, The effects of different siRNAs targeting RAB22A-MYO9B (f) and RAB22A-TEF
474	Fig. 2	(g) detected by RT–qPCR in BT-474 and HCC2935 cells, respectively. Data are mean ± s.d. of n = 3 biologically independent experiments. P values are
475	Fig. 2	shown; two-tailed Student’s t-test. NC, negative control siRNA. h,i, Detection of RhoA-GTPase activity and the indicated proteins by western blotting
476	Fig. 2	in stable cell lines with silencing of RAB22A-MYO9B (h) or RAB22A-TEF (i). Immunoprecipitation (IP) was performed with Rab22a-N antibody and the
477	Fig. 2	portion of membrane below the 15 kDa marker was blotted (WB) to avoid interference from wild-type Rab22a. Data are representative of n = 3 biologically
479	Fig. 2	mean ± s.d. of n = 3 biologically independent experiments. P values are shown; two-tailed Student’s t-test. siNC, negative control siRNA. k–m, The in vivo
480	Fig. 2	metastasis model using tail-vein injection of the indicated stable cell lines with silencing of RAB22A-MYO9B (n = 6 biologically independent animals). k,
481	Fig. 2	H&E staining of lungs from representative tumour-bearing nude mice. Scale bars, 5 mm. l,m, Quantification of lung nodules (l) and wet lung weights (m).
484	Fig. 2	871
487	Fig. 2	Arg4 and Lys7 of Rab22a-NeoF1 are required for its binding with
488	Fig. 2	SmgGDS-607. We next determined the region of Rab22a-NeoF1 nec-
489	Fig. 2	essary for its association with SmgGDS-607. We first investigated the
490	Fig. 2	Rab22a1–38 moiety, as this region defines the metastasis-promoting
491	Fig. 2	function of Rab22a-NeoF1–6. Indeed, we found that Rab22a1–38
492	Fig. 2	was required for the interaction with SmgGDS-607, as shown by
493	Fig. 2	coimmunoprecipitation from cells and a pull-down assay using puri-
494	Fig. 2	fied SmgGDS-607–His protein (Extended Data Fig. 8a–c). Deletion
495	Fig. 2	of amino acids 1–10 of Rab22a-NeoF1 (Rab22a-NeoF1(Δ1–10)) also
496	Fig. 2	abolished its binding to SmgGDS-607 (Extended Data Fig. 8d). The
498	Fig. 2	ing Rab22a-NeoF1 with deletion of residues 1–38 or residues 1–10
500	Fig. 2	2
501	Fig. 2	3
502	Fig. 2	4
503	Fig. 2	5
504	Fig. 2	6
505	Fig. 2	Rab22a-NeoF
506	Fig. 2	143B
509	Fig. 2	5 mm
510	Fig. 2	5 mm
511	Fig. 2	5 mm
512	Fig. 2	5 mm
513	Fig. 2	5 mm
515	Fig. 2	Rab22a-NeoF2
516	Fig. 2	Rab22a-NeoF3
517	Fig. 2	5 mm
518	Fig. 2	Rab22a-NeoF4
519	Fig. 2	Rab22a-NeoF5
520	Fig. 2	Rab22a-NeoF6
523	Fig. 2	Lung metastasis (nodules)
524	Fig. 2	0
525	Fig. 2	5
526	Fig. 2	10
527	Fig. 2	15
528	Fig. 2	Rab22a-NeoF
529	Fig. 2	P = 0.0004
530	Fig. 2	P = 0.0001
531	Fig. 2	P < 0.0001
532	Fig. 2	P = 0.0006
533	Fig. 2	P = 0.0006
534	Fig. 2	Vector 2
535	Fig. 2	3
536	Fig. 2	4
537	Fig. 2	5
538	Fig. 2	6
539	Fig. 2	0
540	Fig. 2	0.1
541	Fig. 2	0.2
542	Fig. 2	0.3
543	Fig. 2	0.4
544	Fig. 2	Lung wet weight (g)
545	Fig. 2	P = 0.0047
546	Fig. 2	P = 0.0002
547	Fig. 2	P = 0.0003
548	Fig. 2	P = 0.039
549	Fig. 2	P = 0.009
550	Fig. 2	Rab22a-NeoF
552	Fig. 2	RAB22A-MYO9B
553	Fig. 2	RAB22A-TEF
554	Fig. 2	g
556	Fig. 2	siRAB22A-TEF #1
557	Fig. 2	siRAB22A-TEF #2
558	Fig. 2	siRAB22A-TEF #3
559	Fig. 2	siRAB22A-TEF #4
560	Fig. 2	siRAB22A-TEF #5
561	Fig. 2	RAB22A-MYO9B RAB22A
563	Fig. 2	0
564	Fig. 2	0.5
565	Fig. 2	1.0
566	Fig. 2	1.5
568	Fig. 2	P = 0.0004
569	Fig. 2	P = 0.0008
570	Fig. 2	P = 0.0002
571	Fig. 2	P = 0.0015
572	Fig. 2	P = 0.0012
573	Fig. 2	P = 0.0173
574	Fig. 2	P = 0.0364
575	Fig. 2	P < 0.013
576	Fig. 2	P = 0.011
577	Fig. 2	P = 0.0341
578	Fig. 2	P = 0.0136
579	Fig. 2	P = 0.0127
580	Fig. 2	P = 0.0028
581	Fig. 2	P = 0.0272
582	Fig. 2	P = 0.0131
584	Fig. 2	RAB22A-MYO9B
585	Fig. 2	RAB22A
586	Fig. 2	MYO9B
587	Fig. 2	0
588	Fig. 2	0.5
589	Fig. 2	1.0
590	Fig. 2	1.5
593	Fig. 2	siRAB22A-MYO9B #1
594	Fig. 2	siRAB22A-MYO9B #2
595	Fig. 2	siRAB22A-MYO9B #3
596	Fig. 2	siRAB22A-MYO9B #4
597	Fig. 2	siRAB22A-MYO9B #5
598	Fig. 2	P < 0.0001
599	Fig. 2	P < 0.0001
600	Fig. 2	P < 0.0001
601	Fig. 2	P < 0.0001
602	Fig. 2	P < 0.0001
603	Fig. 2	P < 0.0001
604	Fig. 2	P < 0.0001
605	Fig. 2	P < 0.0001
606	Fig. 2	P < 0.0001
607	Fig. 2	P = 0.4918
608	Fig. 2	P > 0.4226
609	Fig. 2	P = 0.0051
610	Fig. 2	P = 0.1076
611	Fig. 2	P = 0.0127
612	Fig. 2	P = 0.0533
618	Fig. 2	sh5
619	Fig. 2	RAB22A-MYO9B
620	Fig. 2	BT-474
621	Fig. 2	WB: RAB22A-N
622	Fig. 2	IP: RAB22A-N
623	Fig. 2	Rab22a-Myo9B
624	Fig. 2	25
625	Fig. 2	25
626	Fig. 2	45
627	Fig. 2	(kDa)
628	Fig. 2	(kDa)
629	Fig. 2	4.6
635	Fig. 2	sh5
636	Fig. 2	HCC2935
637	Fig. 2	IP: RAB22A-N
638	Fig. 2	WB: RAB22A-N
639	Fig. 2	Rab22a-TEF
640	Fig. 2	25
641	Fig. 2	25
642	Fig. 2	45
643	Fig. 2	4.6
644	Fig. 2	RAB22A-TEF
650	Fig. 2	0
651	Fig. 2	0.5
652	Fig. 2	1.0
653	Fig. 2	1.5
654	Fig. 2	BT-474 siNC
655	Fig. 2	BT-474 siRAB22A-MYO9B #5
656	Fig. 2	HCC2935 siNC
657	Fig. 2	HCC2935 siRAB22A-TEF#5
658	Fig. 2	P < 0.0001
659	Fig. 2	P < 0.0001
660	Fig. 2	P < 0.0001
661	Fig. 2	P < 0.0001
663	Fig. 2	5 mm
664	Fig. 2	5 mm
666	Fig. 2	BT-474
667	Fig. 2	sh5
668	Fig. 2	RAB22A-MYO9B
669	Fig. 2	Lung metastasis (nodules)
671	Fig. 2	sh5
672	Fig. 2	0
673	Fig. 2	1
674	Fig. 2	2
675	Fig. 2	3
676	Fig. 2	4
677	Fig. 2	RAB22A-MYO9B
678	Fig. 2	P = 0.0034
680	Fig. 2	Lung wet weight (g)
682	Fig. 2	sh5
683	Fig. 2	0.00
684	Fig. 2	0.05
685	Fig. 2	0.10
686	Fig. 2	0.15
687	Fig. 2	0.20
688	Fig. 2	0.25
690	Fig. 2	RAB22A-MYO9B
691	Fig. 2	P = 0.0024
692	Fig. 2	2.5
693	Fig. 2	2.0
694	Fig. 2	Radiance (×107 p s–1 cm–2 sr–1)
695	Fig. 2	1.5
696	Fig. 2	1.0
697	Fig. 2	0.5
698	Fig. 2	6
699	Fig. 2	5
700	Fig. 2	4
701	Fig. 2	3
702	Fig. 2	2
705	Fig. 2	872
708	Fig. 2	(Fig. 6a and Extended Data Fig. 8e,f). Moreover, amino acids 1–10
709	Fig. 2	of Rab22a-NeoF1 were required for its enhancement of cell migra-
710	Fig. 2	tion, invasion and adhesion in both 143B and U2OS/MT300 cells
711	Fig. 2	(Fig. 6b and Extended Data Fig. 9a). In the orthotopic osteosarcoma
712	Fig. 2	metastasis model, amino acids 1–10 of Rab22a-NeoF1 was essential
713	Fig. 2	for the promotion of lung metastases (Fig. 6c–e and Extended Data
714	Fig. 2	Fig. 9b), and deletion of these residues from Rab22a-NeoF1 pro-
715	Fig. 2	longed the survival of these mice (Extended Data Fig. 9c,d).
716	Fig. 2	Amino acids 1–10 of Rab22a-NeoF1 include the positively
717	Fig. 2	charged residues Arg4 and Lys7. As this region binds to the negatively
718	Fig. 2	charged region of SmgGDS-607, we tested whether Rab22a-NeoF1
719	Fig. 2	Arg4 and Lys7 were required for this interaction. In the structure
720	Fig. 2	of full-length Rab22a35, Lys7 is blocked by the main-chain oxygen
721	Fig. 2	atoms of Met73, Tyr74 and Arg76, whereas Arg4 is surface-exposed
722	Fig. 2	(Extended Data Fig. 9e). In Rab22a-NeoF1, however, Arg4 and Lys7
724	Fig. 2	ferences in folding from that of wild-type Rab22a. We mutated Arg4
725	Fig. 2	and Lys7 to Asp or Glu in Rab22a-NeoF1 (R4D/K7D, hereafter DD;
726	Fig. 2	R4E/K7E, hereafter EE). As expected, both DD and EE mutants
727	Fig. 2	of Rab22a-NeoF1 lost the ability to bind to SmgGDS-607 in cells
728	Fig. 2	(Fig. 6f). Furthermore, purified SmgGDS-607–His was pulled
729	Fig. 2	down by Rab22a-NeoF1, but not by the DD mutant (Extended Data
730	Fig. 2	Fig. 9f). Similar to the deletion of Rab22a residues 1–10, none of
731	Fig. 2	the vivo or in vitro phenotypes of Rab22a-NeoF1, such as status of
732	Fig. 2	RhoA, cell migration, invasion, adhesion, lung metastases in mice
733	Fig. 2	and survival, were observed with the DD mutant (Fig. 6g–k and
734	Fig. 2	Extended Data Fig. 9g–j). Thus, Arg4 and Lys7 of Rab22a-NeoF1
735	Fig. 2	are required for its binding to SmgGDS-607 to promote lung
736	Fig. 2	metastasis, confirming that the interaction of Rab22a-NeoF1 with
737	Fig. 2	SmgGDS-607 is required for Rab22a-NeoF1 to execute its functions.
738	Fig. 2	The interaction between Rab22a-NeoF1 and SmgGDS-607 is a
739	Fig. 2	potential therapeutic target for osteosarcoma lung metastasis. We
740	Fig. 2	synthesized peptides based on amino acids 1–10 of Rab22a-NeoF1
741	Fig. 2	in an attempt to block the functions of Rab22a-NeoF1, as shown in
742	Fig. 2	Fig. 7a. The biotin-labelled peptide (biotin–MALRELKVCL, bio-
744	Fig. 2	biotin–pep(DD)), specifically bound to SmgGDS from cell lysates
745	Fig. 2	of both ZOS and ZOS-M cells that were positive for Rab22a-NeoF1
746	Fig. 2	in a dose-dependent manner (Fig. 7b and Extended Data
747	Fig. 2	Fig. 10a). Moreover, RhoA–GTP levels increased after whole-cell
748	Fig. 2	lysates from 143B cells were incubated in  vitro with either
749	Fig. 2	amino acids 1–38 of Rab22a or Rab22a-NeoF1(WT), but not
752	Fig. 2	(peptide(DD)) (Fig. 7a,c,d). These results also indicated that the
753	Fig. 2	interaction between residues 1–10 of Rab22a-NeoF1 (for example,
754	Fig. 2	peptide(WT)) and SmgGDS-607 is insufficient to activate RhoA;
755	Fig. 2	that is, residues among amino acids 11–38 of Rab22a-NeoF1 are
757	Fig. 2	mutation of Lys18, a conserved residue, to either Asp or Glu did
758	Fig. 2	not affect its binding affinity to SmgGDS-607 (Fig. 7e), but abol-
759	Fig. 2	ished the functions of Rab22a-NeoF1 in RhoA activation, cell
760	Fig. 2	migration, invasion and adhesion in both 143B and U2OS/MT300
761	Fig. 2	cells (Fig. 7f,g).
762	Fig. 2	Next, we made the peptides cell permeable by conjugating them
763	Fig. 2	to the targeting peptide iRGD36,37. Peptide(WT)–iRGD (here-
765	Fig. 2	iRGD), diminished the interaction between Rab22a-NeoF1 and
766	Fig. 2	SmgGDS-607 in cells (Fig. 7h) and decreased the level of RhoA–
767	Fig. 2	GTP in ZOS-M cells that were positive for Rab22a-NeoF1 and in
768	Fig. 2	143B cells stably expressing Rab22a-NeoF1 (Fig. 7i,j). As both Itgav
769	Fig. 2	and Nrp1, which are required for the function of iRGD in cells, were
770	Fig. 2	detected in osteosarcoma cell lines including 143B, U2OS/MTX300,
771	Fig. 2	ZOS-M and ZOS (Extended Data Fig. 10b), we tested whether
772	Fig. 2	WT–iRGD attenuates the formation of lung metastases induced
773	Fig. 2	by Rab22a-NeoF1. First, WT–iRGD, but not DD–iRGD, inhib-
775	Fig. 2	143B and U2OS/MTX300 cells stably expressing Rab22a-NeoF1
776	Fig. 2	(Extended Data Fig. 10c–f). Second, WT–iRGD, but not DD–iRGD,
777	Fig. 2	decreased cell migration, invasion and adhesion in both 143B and
778	Fig. 2	U2OS/MTX300 cells stably expressing Rab22a-NeoF1, but not
779	Fig. 2	cells stably expressing the empty vector (Fig. 7k–m). Similarly,
781	Fig. 2	in both ZOS and ZOS-M cells carrying endogenous Rab22a-NeoF1
782	Fig. 2	(Extended Data Fig. 10g). Third, using 143B cells expressing fire-
783	Fig. 2	fly luciferase (143B-Luc cells) and stably expressing Rab22a-NeoF1
784	Fig. 2	and ZOS-M cells expressing firefly luciferase (ZOS-M-Luc cells), we
785	Fig. 2	examined the effects of this iRGD fusion peptide on lung metas-
787	Fig. 2	sis, as illustrated in Extended Data Fig. 10h. WT–iRGD, but not
788	Fig. 2	DD–iRGD, inhibited lung metastases and increased the survival
789	Fig. 2	time of mice (Fig. 8a–f and Extended Data Fig. 10i–k). Collectively,
791	Fig. 2	between Rab22a-NeoF1 and SmgGDS-607 using these targeting
792	Fig. 2	peptides based on Rab22a(WT) sequence abrogates lung metastasis
793	Fig. 2	induced by Rab22a-NeoF1, and suggest a promising strategy for a
794	Fig. 2	subset of patients with osteosarcoma and lung metastases.
796	Discussion	In this study, we have identified and validated recurring functional
797	Discussion	fusion proteins involving Rab22a1–38, which have a key role in driv-
798	Discussion	ing tumour metastasis. Thus, any mutation or genomic alteration
799	Discussion	that leads to a truncation of Rab22a that includes Rab22a1–38 may
800	Discussion	result in expression of a metastasis-driving protein. Similar func-
801	Discussion	tions of Rab22a truncations may occur with a frequency higher than
802	Discussion	the 5.4% that we observed in osteosarcoma with metastasis, as we
804	Fig. 3	Fig. 3 | Rab22a-NeoF1 promotes lung metastasis of osteosarcoma. a, FISH analyses of formalin-fixed and paraffin-embedded osteosarcoma tissues. Red,
805	Fig. 3	RAB22A; green, DOK5; yellow, RAB22A-DOK5 fusion (arrows). Scale bars, 5 μm. b, The detection of endogenous Rab22a-NeoF1 protein by hRAD5-8-v1-R5
806	Fig. 3	in immunoprecipitates with the monoclonal antibody RAD5-8 from ZOS-M cells, tumour tissues (T) and corresponding normal tissues (N). ZOS-M is
807	Fig. 3	positive for the RAB22A-NeoF1 fusion gene. T2 and T3 are tumour tissues that are positive and negative for the RAB22A-NeoF1 fusion gene, respectively
808	Fig. 3	(Fig. 1b); N2 and N3 are corresponding normal tissues for T2 and T3, respectively. c, Detection of endogenous Rab22a-NeoF1 protein by western
809	Fig. 3	blotting in the indicated stable cell lines. Data in a–c are representative of n = 3 biologically independent experiments. NC, negative control shRNA.
810	Fig. 3	d,e, Migration and invasion assays using the indicated stable cell lines with shRNAs targeting RAB22A-NeoF1 (d) or overexpression of Rab22a-NeoF1 (e).
811	Fig. 3	Data are mean ± s.d. of n = 3 biologically independent experiments. P values are shown; two-tailed Student’s t-test. NC, negative control shRNA. Vector,
812	Fig. 3	vector-only control. f–k, The in vivo orthotopic model of osteosarcoma metastasis with the indicated stable cell lines with expression of Rab22a-NeoF1
813	Fig. 3	(f–h) or knockdown of RAB22A-NeoF1 (i–k) (n = 6 biologically independent animals). f,i, Representative images of mice. g,j, H&E staining of the lungs
814	Fig. 3	from representative tumour-bearing nude mice. Scale bars, 5 mm. h,k, Quantification of lung nodules. Data are mean ± s.d. P values are shown; two-tailed
816	Fig. 3	nanoparticles. Data are mean ± s.d. of n = 3 biologically independent experiments. P values are shown; two-tailed Student’s t-test. siNC, negative control
817	Fig. 3	siRNA. m, Representative images of lungs from the in vivo orthotopic model of osteosarcoma metastasis in mouse using the indicated cells treated with
818	Fig. 3	the indicated nanoparticles (n = 6 biologically independent mice). NC, negative control siRNA.
820	Fig. 3	873
824	Fig. 3	the cBio data portal and in both BT-474 and HCC2935 cell lines
825	Fig. 3	from the CCLE RNA-seq dataset (Supplementary Tables 3 and 4).
826	Fig. 3	Fusions of gene sequence encoding Rab22a1–38 with different genes
827	Fig. 3	were also functional in these cell lines (Fig. 2h–m), indicating
828	Fig. 3	that gene fusions containing the Rab22a1–38 sequence occur and
831	Fig. 3	Tumour
833	Fig. 3	IP: RAD5-8
834	Fig. 3	ZOS-M IgG T2
835	Fig. 3	N2
836	Fig. 3	T3
837	Fig. 3	N3
838	Fig. 3	WB: hRAD5-8-V1-R5
839	Fig. 3	Rab22a-NeoF1
840	Fig. 3	25
841	Fig. 3	(kDa)
842	Fig. 3	15
845	Fig. 3	RAD5-8
847	Fig. 3	RAD5-8
851	Fig. 3	5 µm
852	Fig. 3	5 µm
853	Fig. 3	sh#1
854	Fig. 3	sh#2
855	Fig. 3	RAB22A-NeoF1
856	Fig. 3	15
857	Fig. 3	kDa
858	Fig. 3	45
859	Fig. 3	45
860	Fig. 3	15
862	Fig. 3	143B
863	Fig. 3	U2OS/MTX300
864	Fig. 3	143B
865	Fig. 3	U2OS/MTX300
866	Fig. 3	0
867	Fig. 3	2
868	Fig. 3	4
869	Fig. 3	6
871	Fig. 3	Rab22a-NeoF1
873	Fig. 3	P = 0.0061
874	Fig. 3	P = 0.0245 P = 0.0037
875	Fig. 3	P = 0.0263
880	Fig. 3	143B
881	Fig. 3	U2OS/MTX300
883	Fig. 3	Rab22a-NeoF1
884	Fig. 3	g
885	Fig. 3	U2OS/MTX300
886	Fig. 3	143B
887	Fig. 3	5 mm
888	Fig. 3	5 mm
889	Fig. 3	5 mm
890	Fig. 3	5 mm
892	Fig. 3	Rab22a-NeoF1
897	Fig. 3	0
898	Fig. 3	0.5
899	Fig. 3	1.0
900	Fig. 3	1.5
903	Fig. 3	shRAB22A-NeoF1 #1
904	Fig. 3	shRAB22A-NeoF1 #2
907	Fig. 3	P = 0.0000
908	Fig. 3	P = 0.0019
909	Fig. 3	P = 0.0075
910	Fig. 3	P = 0.0023
911	Fig. 3	P = 0.001
912	Fig. 3	P = 0.0006
913	Fig. 3	P = 0.0048
914	Fig. 3	P = 0.002
915	Fig. 3	Lung metastasis (nodules)
916	Fig. 3	Rab22a-NeoF1
917	Fig. 3	Rab22a-NeoF1
918	Fig. 3	0
919	Fig. 3	5
920	Fig. 3	10
921	Fig. 3	15
922	Fig. 3	143B
923	Fig. 3	U2OS/MTX300
924	Fig. 3	P < 0.0001
925	Fig. 3	P < 0.0001
932	Fig. 3	sh#1
933	Fig. 3	sh#2
935	Fig. 3	RAB22A-NeoF1
939	Fig. 3	sh#1
940	Fig. 3	sh#2
941	Fig. 3	RAB22A-NeoF1
943	Fig. 3	5 mm
944	Fig. 3	5 mm
945	Fig. 3	5 mm
946	Fig. 3	5 mm
947	Fig. 3	5 mm
948	Fig. 3	5 mm
949	Fig. 3	Lung metastasis (nodules)
951	Fig. 3	sh#1
952	Fig. 3	sh#2
954	Fig. 3	sh#1
955	Fig. 3	sh#2
956	Fig. 3	0
957	Fig. 3	5
958	Fig. 3	10
959	Fig. 3	15
962	Fig. 3	RAB22A-NeoF1
963	Fig. 3	P = 0.0026
964	Fig. 3	P = 0.0018
965	Fig. 3	P = 0.0001
966	Fig. 3	P < 0.0001
970	Fig. 3	U2OS/MTX300
972	Fig. 3	U2OS/MTX300
973	Fig. 3	0
974	Fig. 3	0.5
975	Fig. 3	1.0
976	Fig. 3	1.5
977	Fig. 3	Nanoparticle siRAB22A-NeoF1 #1
978	Fig. 3	Nanoparticle siRAB22A-NeoF1 #2
981	Fig. 3	P = 0.0013
982	Fig. 3	P = 0.0002
983	Fig. 3	P = 0.0014
984	Fig. 3	P = 0.0015
985	Fig. 3	P = 0.2254
986	Fig. 3	P = 0.6474
987	Fig. 3	P = 0.4995
988	Fig. 3	P = 0.6667
991	Fig. 3	si#1
992	Fig. 3	si#2
994	Fig. 3	U2OS/MTX300
995	Fig. 3	RAB22A-NeoF1
999	Fig. 3	6.0
1000	Fig. 3	4.0
1001	Fig. 3	2.0
1002	Fig. 3	3.0
1003	Fig. 3	2.0
1004	Fig. 3	1.0
1005	Fig. 3	2.0
1006	Fig. 3	1.5
1007	Fig. 3	1.0
1008	Fig. 3	Radiance (×107 p s–1 cm–2 sr–1)
1009	Fig. 3	Radiance (×105 p s–1 cm–2 sr–1)
1010	Fig. 3	Radiance (×105 p s–1 cm–2 sr–1)
1011	Fig. 3	0.5
1013	Fig. 3	874
1019	Fig. 3	Rab22a-NeoF1
1023	Fig. 3	Rab22a-NeoF1
1024	Fig. 3	143B
1025	Fig. 3	U2OS/MTX300
1027	Fig. 3	Rab22a-NeoF1
1032	Fig. 3	25
1033	Fig. 3	25
1034	Fig. 3	25
1035	Fig. 3	25
1036	Fig. 3	25
1037	Fig. 3	(kDa)
1038	Fig. 3	(kDa)
1039	Fig. 3	25
1040	Fig. 3	25
1041	Fig. 3	25
1042	Fig. 3	45
1048	Fig. 3	RAD5-8
1053	Fig. 3	RAD5-8
1055	Fig. 3	sh#1
1056	Fig. 3	sh#2
1057	Fig. 3	Rab22a-NeoF1
1058	Fig. 3	25
1059	Fig. 3	25
1060	Fig. 3	25
1061	Fig. 3	25
1062	Fig. 3	35
1063	Fig. 3	25
1064	Fig. 3	25
1065	Fig. 3	25
1066	Fig. 3	35
1067	Fig. 3	25
1074	Fig. 3	g
1076	Fig. 3	143B
1077	Fig. 3	U2OS/MTX300
1078	Fig. 3	0
1079	Fig. 3	2
1080	Fig. 3	4
1081	Fig. 3	6
1082	Fig. 3	8
1083	Fig. 3	10
1085	Fig. 3	Rab22a-NeoF1
1086	Fig. 3	Rab22a-NeoF1 + shNC
1087	Fig. 3	Rab22a-NeoF1 + shRhoA #1
1088	Fig. 3	Rab22a-NeoF1 + shRhoA #2
1089	Fig. 3	P = 0.3457
1090	Fig. 3	P > 0.9999
1091	Fig. 3	P = 0.3701
1092	Fig. 3	P > 0.9593
1094	Fig. 3	P = 0.0162
1095	Fig. 3	P = 0.0108
1096	Fig. 3	P = 0.0022
1097	Fig. 3	P = 0.0031
1101	Fig. 3	0.0
1102	Fig. 3	0.5
1103	Fig. 3	1.0
1104	Fig. 3	1.5
1105	Fig. 3	2.0
1107	Fig. 3	shRAB22A-NeoF1 #1
1108	Fig. 3	shRAB22A-NeoF1 #2
1109	Fig. 3	shRAB22A-NeoF1 #1 + RhoA
1110	Fig. 3	shRAB22A-NeoF1 #2 + RhoA
1113	Fig. 3	P = 0.005
1114	Fig. 3	P = 0.004
1115	Fig. 3	P = 0.1273
1116	Fig. 3	P = 0.3677
1117	Fig. 3	P = 0.0018
1118	Fig. 3	P = 0.3701
1119	Fig. 3	P = 0.5292
1120	Fig. 3	P = 0.0003
1121	Fig. 3	P = 0.0044
1122	Fig. 3	P = 0.1296
1123	Fig. 3	P = 0.4719
1124	Fig. 3	P = 0.004
1125	Fig. 3	P = 0.0001
1126	Fig. 3	P = 0.4975
1127	Fig. 3	P = 0.0702
1128	Fig. 3	P = 0.0005
1130	Fig. 3	143B U2OS/MTX300 143B U2OS/MTX300
1131	Fig. 3	0
1132	Fig. 3	2
1133	Fig. 3	4
1134	Fig. 3	6
1136	Fig. 3	Rab22a-NeoF1
1137	Fig. 3	Rab22a-NeoF1 + shNC
1138	Fig. 3	Rab22a-NeoF1 + shRhoA #1
1139	Fig. 3	Rab22a-NeoF1 + shRhoA #2
1142	Fig. 3	P = 0.0082
1143	Fig. 3	P = 0.0063
1144	Fig. 3	P = 0.5147
1145	Fig. 3	P = 0.1869
1146	Fig. 3	P = 0.0008
1147	Fig. 3	P = 0.8802
1148	Fig. 3	P = 0.3519
1149	Fig. 3	P = 0.0003
1150	Fig. 3	P = 0.0046
1151	Fig. 3	P = 0.8740
1152	Fig. 3	P = 0.9545
1153	Fig. 3	P = 0.0031
1154	Fig. 3	P = 0.0096
1155	Fig. 3	P = 0.6455
1156	Fig. 3	P = 0.06
1157	Fig. 3	P = 0.0019
1162	Fig. 3	0.0
1163	Fig. 3	0.5
1164	Fig. 3	1.0
1165	Fig. 3	1.5
1167	Fig. 3	shRAB22A-NeoF1 #1
1168	Fig. 3	shRAB22A-NeoF1 #2
1169	Fig. 3	shRAB22A-NeoF1 #1 + RhoA
1170	Fig. 3	shRAB22A-NeoF1 #2 + RhoA
1173	Fig. 3	P = 0.5967
1174	Fig. 3	P = 0.9726
1175	Fig. 3	P = 0.058
1176	Fig. 3	P = 0.6042
1177	Fig. 3	P < 0.0001
1178	Fig. 3	P = 0.0005
1179	Fig. 3	P = 0.0005
1180	Fig. 3	P < 0.0001
1181	Fig. 3	143B
1182	Fig. 3	U2OS/MTX300
1184	Fig. 3	shRhoA #1 shRhoA #2
1185	Fig. 3	Rab22a-NeoF1
1188	Fig. 3	5 mm
1189	Fig. 3	5 mm
1190	Fig. 3	5 mm
1191	Fig. 3	5 mm
1192	Fig. 3	5 mm
1193	Fig. 3	5 mm
1194	Fig. 3	5 mm
1195	Fig. 3	5 mm
1196	Fig. 3	5 mm
1197	Fig. 3	5 mm
1198	Fig. 3	143B
1199	Fig. 3	2OS/MTX300
1200	Fig. 3	Rab22a-NeoF1
1201	Fig. 3	Rab22a-NeoF1
1203	Fig. 3	shRhoA #1
1204	Fig. 3	shRhoA #2
1209	Fig. 3	Lung metastasis (nodules)
1211	Fig. 3	Rab22a-NeoF1
1213	Fig. 3	shRhoA #1
1214	Fig. 3	shRhoA #2
1215	Fig. 3	0
1216	Fig. 3	5
1217	Fig. 3	10
1218	Fig. 3	15
1219	Fig. 3	Rab22a-NeoF1
1220	Fig. 3	U2OS/MTX300
1221	Fig. 3	P < 0.0001
1222	Fig. 3	P < 0.0001
1223	Fig. 3	P > 0.9999
1224	Fig. 3	P > 0.9999
1225	Fig. 3	Lung metastasis (nodules)
1227	Fig. 3	Rab22a-NeoF1
1229	Fig. 3	shRhoA #1
1230	Fig. 3	shRhoA #2
1231	Fig. 3	0
1232	Fig. 3	5
1233	Fig. 3	10
1234	Fig. 3	15
1235	Fig. 3	20
1236	Fig. 3	Rab22a-NeoF1
1237	Fig. 3	143B
1238	Fig. 3	P < 0.0001
1239	Fig. 3	P < 0.0001
1240	Fig. 3	P = 0.7650
1241	Fig. 3	P = 0.0683
1242	Fig. 3	6.0
1243	Fig. 3	4.0
1244	Fig. 3	Radiance (×106 p s–1 cm–2 sr–1)
1245	Fig. 3	2.0
1246	Fig. 4	Fig. 4 | Rab22A-NeoF1 executes its functions by activating RhoA. a,b, Detection of Rho–GTP and membrane RhoA (RhoA-mem) in the indicated stable
1247	Fig. 4	cell lines by western blotting. Data are representative of n = 3 biologically independent experiments. NC, negative control shRNA. Vector, vector-only
1248	Fig. 4	control. c–f, Migration and invasion (c,e) and adhesion (d,f) assays using the indicated stable cell lines. Data are mean ± s.d. of n = 3 biologically
1249	Fig. 4	independent experiments. P values are shown; two-tailed Student’s t-test. NC, negative control shRNA. Vector, vector-only control. g–j, The in vivo
1250	Fig. 4	orthotopic model of osteosarcoma metastasis using the indicated stable cell lines (n = 6 biologically independent animals). g, Representative images of
1251	Fig. 4	mice. h, H&E staining of lungs from representative tumour-bearing nude mice. Scale bars, 5 mm. i,j, Quantification of lung nodules. Data are mean ± s.d.
1254	Fig. 4	875
1261	Fig. 4	Flag
1262	Fig. 4	Flag
1265	Fig. 4	IP: Flag
1267	Fig. 4	Rab22a-NeoF1–SFB
1268	Fig. 4	SmgGDS-607–HA
1270	Fig. 4	E254K/D256
1272	Fig. 4	E254K/D256
1274	Fig. 4	E254K/D256
1275	Fig. 4	Rab22a–SFB
1288	Fig. 4	65
1289	Fig. 4	65
1290	Fig. 4	35
1291	Fig. 4	35
1292	Fig. 4	45
1293	Fig. 4	Rab22a–SFB
1294	Fig. 4	Rab22a-NeoF1–SFB
1307	Fig. 4	SmgGDS–HA
1308	Fig. 4	558 607 558 607 558 607
1309	Fig. 4	Flag
1311	Fig. 4	Flag
1313	Fig. 4	IP: Flag
1316	Fig. 4	65
1317	Fig. 4	35
1318	Fig. 4	(kDa)
1319	Fig. 4	(kDa)
1320	Fig. 4	(kDa)
1321	Fig. 4	35
1322	Fig. 4	35
1323	Fig. 4	65
1325	Fig. 4	Flag
1328	Fig. 4	Flag
1331	Fig. 4	Rab22a-NeoF1–SFB
1332	Fig. 4	SmgGDS-607–HA
1340	Fig. 4	E254K/D256K
1342	Fig. 4	E254K/D256K
1345	Fig. 4	25
1346	Fig. 4	35
1347	Fig. 4	65
1348	Fig. 4	65
1349	Fig. 4	35
1350	Fig. 4	25
1351	Fig. 4	35
1354	Fig. 4	143B
1355	Fig. 4	U2OS/MTX300
1356	Fig. 4	0
1357	Fig. 4	1
1358	Fig. 4	2
1359	Fig. 4	3
1360	Fig. 4	4
1362	Fig. 4	Rab22a-NeoF1
1363	Fig. 4	Rab22a-NeoF1 + sgNC
1364	Fig. 4	Rab22a-NeoF1 + sgSmgGDS #1
1365	Fig. 4	Rab22a-NeoF1 + sgSmgGDS #1 + SmgGDS
1366	Fig. 4	Rab22a-NeoF1 + sgSmgGDS #1 + SmgGDS(E254K/D256K)
1367	Fig. 4	Rab22a-NeoF1 + sgSmgGDS #2
1368	Fig. 4	Rab22a-NeoF1 + sgSmgGDS #2 + SmgGDS
1369	Fig. 4	Rab22a-NeoF1 + sgSmgGDS #2 + SmgGDS(E254K/D256K)
1371	Fig. 4	P = 0.0078
1372	Fig. 4	P = 0.1904
1373	Fig. 4	P = 0.3828
1374	Fig. 4	P = 0.234
1375	Fig. 4	P = 0.1487
1376	Fig. 4	P = 0.0048
1377	Fig. 4	P = 0.0174
1378	Fig. 4	P = 0.0017
1379	Fig. 4	P = 0.0078
1380	Fig. 4	P = 0.4778
1381	Fig. 4	P = 0.5286
1382	Fig. 4	P = 0.7418
1383	Fig. 4	P = 0.1276
1384	Fig. 4	P = 0.0022
1385	Fig. 4	P = 0.006
1386	Fig. 4	P = 0.0052
1389	Fig. 4	143B
1390	Fig. 4	U2OS/MTX300
1391	Fig. 4	0
1392	Fig. 4	1
1393	Fig. 4	2
1394	Fig. 4	3
1395	Fig. 4	4
1397	Fig. 4	Rab22a-NeoF1
1398	Fig. 4	Rab22a-NeoF1 + sgNC
1399	Fig. 4	Rab22a-NeoF1 + SmgGDS sg1
1400	Fig. 4	Rab22a-NeoF1 + sgSmgGDS #1 + SmgGDS
1401	Fig. 4	Rab22a-NeoF1 + sgSmgGDS #1 + SmgGDS(E254K/D256K)
1402	Fig. 4	Rab22a-NeoF1 + sgSmgGDS #2
1403	Fig. 4	Rab22a-NeoF1 + sgSmgGDS #2 + SmgGDS
1404	Fig. 4	Rab22a-NeoF1 + sgSmgGDS #2 + SmgGDS(E254K/D256K)
1406	Fig. 4	P = 0.0003
1407	Fig. 4	P = 0.1331
1408	Fig. 4	P = 0.8614
1409	Fig. 4	P = 0.5608
1410	Fig. 4	P = 0.0825
1411	Fig. 4	P = 0.001
1412	Fig. 4	P = 0.0004
1413	Fig. 4	P = 0.0004
1414	Fig. 4	P = 0.0034
1415	Fig. 4	P = 0.3189
1416	Fig. 4	P = 0.0917
1417	Fig. 4	P = 0.2394
1418	Fig. 4	P = 0.2240
1419	Fig. 4	P = 0.0006
1420	Fig. 4	P = 0.0009
1421	Fig. 4	P = 0.0008
1423	Fig. 4	U2OS/MTX300
1424	Fig. 4	sgSmgGDS #1
1425	Fig. 4	SmgGDS
1426	Fig. 4	sgSmgGDS #2
1427	Fig. 4	143B
1429	Fig. 4	Rab22a-NeoF1
1430	Fig. 4	sgNC sg1
1431	Fig. 4	sg2
1432	Fig. 4	SmgGDS
1433	Fig. 4	E254K
1434	Fig. 4	/D256K
1435	Fig. 4	SmgGDS
1436	Fig. 4	E254K
1437	Fig. 4	/D256K
1438	Fig. 4	Rab22a-NeoF1
1439	Fig. 4	g
1440	Fig. 4	Lung metastasis (nodules)
1442	Fig. 4	Rab22a-NeoF1
1444	Fig. 4	sgSmgGDS #1
1445	Fig. 4	sgSmgGDS #2
1446	Fig. 4	SmgGDS
1447	Fig. 4	E254K/D256K
1448	Fig. 4	SmgGDS
1449	Fig. 4	E254K/D256K
1450	Fig. 4	0
1451	Fig. 4	5
1452	Fig. 4	10
1453	Fig. 4	15
1454	Fig. 4	143B
1455	Fig. 4	P = 0.0001
1456	Fig. 4	P = 0.4419
1457	Fig. 4	P = 0.7471
1458	Fig. 4	P = 0.5858
1459	Fig. 4	P = 0.8637
1460	Fig. 4	P = 0.0002
1461	Fig. 4	P = 0.0002
1462	Fig. 4	P = 0.0001
1463	Fig. 4	Rab22a-NeoF1
1464	Fig. 4	sg1
1465	Fig. 4	sg2
1466	Fig. 4	SmgGDS
1469	Fig. 4	Lung metastasis (nodules)
1471	Fig. 4	Rab22a-NeoF1
1473	Fig. 4	sgSmgGDS #1
1474	Fig. 4	sgSmgGDS #2
1475	Fig. 4	SmgGDS
1476	Fig. 4	E254K/D256K
1477	Fig. 4	SmgGDS
1478	Fig. 4	E254K/D256K
1479	Fig. 4	0
1480	Fig. 4	5
1481	Fig. 4	10
1482	Fig. 4	15
1483	Fig. 4	20
1484	Fig. 4	U2OS/MTX300
1485	Fig. 4	P = 0.0001
1486	Fig. 4	P > 0.9999
1487	Fig. 4	P > 0.9999
1488	Fig. 4	P = 0.8361
1489	Fig. 4	P = 0.6984
1490	Fig. 4	P < 0.0001
1491	Fig. 4	P = 0.0002
1492	Fig. 4	P < 0.0001
1493	Fig. 4	Rab22a-NeoF1
1494	Fig. 4	sg1
1495	Fig. 4	sg2
1496	Fig. 4	SmgGDS
1497	Fig. 4	143B
1498	Fig. 4	U2OS/MTX300
1499	Fig. 4	5 mm
1500	Fig. 4	5 mm
1501	Fig. 4	5 mm
1502	Fig. 4	5 mm
1503	Fig. 4	5 mm
1504	Fig. 4	5 mm
1505	Fig. 4	5 mm
1506	Fig. 4	5 mm
1507	Fig. 4	5 mm
1508	Fig. 4	5 mm
1509	Fig. 4	5 mm
1510	Fig. 4	5 mm
1511	Fig. 4	5 mm
1512	Fig. 4	5 mm
1513	Fig. 4	5 mm
1514	Fig. 4	5 mm
1515	Fig. 4	5 mm
1516	Fig. 4	sgSmgGDS #1
1517	Fig. 4	sgSmgGDS #2
1518	Fig. 4	SmgGDS
1519	Fig. 4	Rab22a-NeoF1
1522	Fig. 4	sg1
1523	Fig. 4	sg2
1524	Fig. 4	SmgGDS
1525	Fig. 4	SmgGDS
1526	Fig. 4	E254K/D256K
1527	Fig. 4	E254K/D256K
1528	Fig. 4	Rab22a-NeoF1
1529	Fig. 4	2.5
1530	Fig. 4	2.0
1531	Fig. 4	1.5
1532	Fig. 4	Radiance (×108 p s–1 cm–2 sr–1)
1533	Fig. 4	1.0
1534	Fig. 4	0.5
1535	Fig. 4	5 mm
1536	Fig. 5	Fig. 5 | Rab22a-NeoF1 constitutively binds to a negatively charged region of SmgGDS-607. a–c, Immunoprecipitation with anti-Flag or anti-haemagglutinin
1537	Fig. 5	(HA) beads of extracts from 293T cells co-transfected with plasmids for expression of SmgGDS-558 (558) or SmgGDS-607 (607) for 48 h. Data are
1538	Fig. 5	representative of n = 3 biologically independent experiments. E254K/D256K, SmgGDS(E254K/D256K). d,e, Migration (d) and invasion (e) assays using the
1539	Fig. 5	indicated stable cell lines. Data are mean ± s.d. of n = 3 biologically independent experiments. P values are shown; two-tailed Student’s t-test. sgNC, negative
1540	Fig. 5	control sgRNA. Vector, vector-only control. f–i, In vivo orthotopic model of osteosarcoma metastasis using the indicated stable cell lines (n = 6 biologically
1541	Fig. 5	independent animals). f, Representative images of mice. g, H&E staining of lungs from representative tumour-bearing nude mice. Scale bars, 5 mm. h,i,
1542	Fig. 5	Quantification of lung nodules. Data are mean ± s.d. P values are shown; two-tailed Student’s t-test. sgNC, negative control sgRNA. Vector, vector-only control.
1544	Fig. 5	876
1550	Fig. 5	RAD5-8
1556	Fig. 5	∆1–10
1557	Fig. 5	Rab22a-NeoF1
1559	Fig. 5	143B
1560	Fig. 5	U2OS/MTX300
1561	Fig. 5	RAD5-8
1562	Fig. 5	25
1563	Fig. 5	25
1564	Fig. 5	25
1565	Fig. 5	35
1566	Fig. 5	25
1567	Fig. 5	(kDa)
1568	Fig. 5	25
1569	Fig. 5	35
1570	Fig. 5	25
1573	Fig. 5	143B
1574	Fig. 5	U2OS/MTX300
1575	Fig. 5	143B
1576	Fig. 5	U2OS/MTX300
1577	Fig. 5	0
1578	Fig. 5	2
1579	Fig. 5	4
1580	Fig. 5	6
1582	Fig. 5	Rab22a-NeoF1
1583	Fig. 5	Rab22a-NeoF1(∆1–10)
1586	Fig. 5	P = 0.0072
1587	Fig. 5	P = 0.0057
1588	Fig. 5	P = 0.0036
1589	Fig. 5	P = 0.0081
1590	Fig. 5	P = 0.6277
1591	Fig. 5	P = 0.4878
1592	Fig. 5	P = 0.9957
1593	Fig. 5	P = 0.1669
1596	Fig. 5	143B
1597	Fig. 5	∆1–10
1600	Fig. 5	Rab22a-NeoF1
1601	Fig. 5	U2OS/MTX300
1602	Fig. 5	5 mm
1603	Fig. 5	5 mm
1604	Fig. 5	5 mm
1605	Fig. 5	5 mm
1606	Fig. 5	5 mm
1607	Fig. 5	5 mm
1608	Fig. 5	U2OS/MTX300
1610	Fig. 5	Rab22a-NeoF1
1612	Fig. 5	143B
1614	Fig. 5	Lung metastasis (nodules)
1617	Fig. 5	∆1–10
1620	Fig. 5	∆1–10
1621	Fig. 5	0
1622	Fig. 5	5
1623	Fig. 5	10
1624	Fig. 5	15
1625	Fig. 5	20
1626	Fig. 5	Rab22a-NeoF1
1627	Fig. 5	143B
1628	Fig. 5	Rab22a-NeoF1
1629	Fig. 5	U2OS/MTX300
1630	Fig. 5	P = 0.4128
1631	Fig. 5	P = 0.7797
1632	Fig. 5	P = 0.0008
1633	Fig. 5	P < 0.0001
1636	Fig. 5	Flag
1637	Fig. 5	Flag
1640	Fig. 5	Rab22a-NeoF1–SFB
1641	Fig. 5	SmgGDS-607–HA
1649	Fig. 5	IP: Flag
1651	Fig. 5	65
1652	Fig. 5	45
1653	Fig. 5	45
1654	Fig. 5	45
1655	Fig. 5	65
1656	Fig. 5	g
1658	Fig. 5	Flag
1663	Fig. 5	Flag
1667	Fig. 5	Rab22a-NeoF1
1669	Fig. 5	143B
1670	Fig. 5	U2OS/MTX300
1671	Fig. 5	25
1672	Fig. 5	25
1673	Fig. 5	(kDa)
1674	Fig. 5	(kDa)
1675	Fig. 5	45
1676	Fig. 5	35
1677	Fig. 5	25
1678	Fig. 5	25
1679	Fig. 5	35
1680	Fig. 5	45
1683	Fig. 5	143B
1684	Fig. 5	U2OS/MTX300
1685	Fig. 5	143B
1686	Fig. 5	U2OS/MTX300
1687	Fig. 5	0
1688	Fig. 5	2
1689	Fig. 5	4
1690	Fig. 5	6
1692	Fig. 5	Rab22a-NeoF1
1693	Fig. 5	Rab22a-NeoF1(DD)
1696	Fig. 5	P = 0.0008
1697	Fig. 5	P = 0.0037
1698	Fig. 5	P = 0.0019
1699	Fig. 5	P = 0.0007
1700	Fig. 5	P > 0.9999
1701	Fig. 5	P = 0.4228
1702	Fig. 5	P = 0.5954
1703	Fig. 5	P = 0.3295
1704	Fig. 5	∆1–10
1706	Fig. 5	U2OS/MTX300
1708	Fig. 5	Rab22a-NeoF1
1709	Fig. 5	Rab22a-NeoF1(DD)
1710	Fig. 5	143B
1711	Fig. 5	U2OS/MTX300
1715	Fig. 5	Rab22a-NeoF1
1716	Fig. 5	143B
1717	Fig. 5	5 mm
1718	Fig. 5	5 mm
1719	Fig. 5	5 mm
1720	Fig. 5	5 mm
1721	Fig. 5	5 mm
1722	Fig. 5	5 mm
1724	Fig. 5	Lung metastasis (nodules)
1731	Fig. 5	0
1732	Fig. 5	5
1733	Fig. 5	10
1734	Fig. 5	15
1735	Fig. 5	20
1736	Fig. 5	Rab22a-NeoF1
1737	Fig. 5	143B
1738	Fig. 5	Rab22a-NeoF1
1739	Fig. 5	U2OS/MTX300
1740	Fig. 5	P = 0.8175
1741	Fig. 5	P > 0.9999
1742	Fig. 5	P < 0.0001
1743	Fig. 5	P < 0.0001
1745	Fig. 5	0.8
1746	Fig. 5	0.6
1747	Fig. 5	0.4
1748	Fig. 5	Radiance (×108 p s–1 cm–2 sr–1)
1749	Fig. 5	0.2
1750	Fig. 5	0.8
1751	Fig. 5	0.6
1752	Fig. 5	0.4
1753	Fig. 5	0.2
1754	Fig. 5	Radiance (×108 p s–1 cm–2 sr–1)
1755	Fig. 6	Fig. 6 | Both Arg4 and Lys7 of RAB22A-NeoF1 are required for binding with SmgGDS 607. a,g, Detection of RhoA–GTP in the indicated stable cell
1756	Fig. 6	lines by western blotting. Vector, vector-only control. b,h, Migration and invasion assays using the indicated stable cell lines. Data are mean ± s.d. of
1757	Fig. 6	n = 3 biologically independent experiments. P values are shown; two-tailed Student’s t-test. Vector, vector-only control. c–e, i–k, The in vivo orthotopic
1758	Fig. 6	model of osteosarcoma metastasis using the indicated stable cell lines (n = 6). c,i, Representative images of mice. d,j, H&E staining of lungs from
1759	Fig. 6	representative tumour-bearing nude mice. Scale bars, 5 mm. e,k, Quantification of lung nodules. Data are mean ± s.d. P values are shown; two-tailed
1760	Fig. 6	Student’s t-test. f, Immunoprecipitation with anti-Flag beads of lysates from 293T cells co-transfected with the indicated plasmids, followed by
1761	Fig. 6	western blotting. Data in a,f,g are representative of n = 3 biologically independent experiments. Vector, vector-only control.
1763	Fig. 6	877
1780	Fig. 6	2.5 µM
1781	Fig. 6	5 µM
1782	Fig. 6	10 µM
1783	Fig. 6	SmgGDS
1786	Fig. 6	SmgGDS
1787	Fig. 6	65
1788	Fig. 6	65
1793	Fig. 6	1–38(WT)
1794	Fig. 6	1–38(DD)
1796	Fig. 6	25
1797	Fig. 6	25
1798	Fig. 6	35
1800	Fig. 6	Rab22a-NeoF1
1825	Fig. 6	25
1826	Fig. 6	25
1827	Fig. 6	(kDa)
1828	Fig. 6	(kDa)
1829	Fig. 6	(kDa)
1830	Fig. 6	(kDa)
1831	Fig. 6	(kDa)
1832	Fig. 6	(kDa)
1833	Fig. 6	(kDa)
1834	Fig. 6	(kDa)
1835	Fig. 6	45
1839	Fig. 6	Flag
1840	Fig. 6	Flag
1842	Fig. 6	Rab22a-Neof1–SFB
1843	Fig. 6	SmgGDS-607–HA
1850	Fig. 6	K18D
1851	Fig. 6	K18E
1852	Fig. 6	IP: Flag
1854	Fig. 6	65
1855	Fig. 6	65
1856	Fig. 6	35
1857	Fig. 6	35
1858	Fig. 6	35
1860	Fig. 6	143B
1861	Fig. 6	U2OS/MTX300
1862	Fig. 6	143B
1863	Fig. 6	U2OS/MTX300
1864	Fig. 6	143B
1865	Fig. 6	U2OS/MTX300
1866	Fig. 6	0
1867	Fig. 6	1
1868	Fig. 6	2
1869	Fig. 6	3
1870	Fig. 6	4
1871	Fig. 6	5
1873	Fig. 6	Rab22a-NeoF1
1874	Fig. 6	Rab22a-NeoF1(K18D)
1878	Fig. 6	P = 0.1085
1879	Fig. 6	P = 0.2254
1880	Fig. 6	P = 0.2999
1881	Fig. 6	P = 0.4226
1882	Fig. 6	P = 0.2581
1883	Fig. 6	P = 0.1835
1884	Fig. 6	P = 0.0035
1885	Fig. 6	P = 0.0161
1886	Fig. 6	P = 0.0043
1887	Fig. 6	P = 0.0041
1888	Fig. 6	P = 0.0008
1889	Fig. 6	P = 0.0003
1890	Fig. 6	g
1896	Fig. 6	RAD5-8
1899	Fig. 6	RAD5-8
1901	Fig. 6	Rab22a-NeoF1
1903	Fig. 6	K18D
1904	Fig. 6	25
1905	Fig. 6	25
1906	Fig. 6	25
1907	Fig. 6	45
1908	Fig. 6	25
1909	Fig. 6	25
1910	Fig. 6	25
1911	Fig. 6	45
1912	Fig. 6	U2OS/MTX300
1913	Fig. 6	143B
1917	Fig. 6	Flag
1918	Fig. 6	Flag
1920	Fig. 6	Rab22a-NeoF1–SFB
1921	Fig. 6	SmgGDS-607–HA
1935	Fig. 6	IP: Flag
1937	Fig. 6	65
1938	Fig. 6	35
1939	Fig. 6	35
1940	Fig. 6	65
1941	Fig. 6	35
1948	Fig. 6	Rab22a-NeoF1
1950	Fig. 6	143B
1953	Fig. 6	RAD5-8
1954	Fig. 6	25
1955	Fig. 6	25
1956	Fig. 6	25
1957	Fig. 6	35
1965	Fig. 6	25
1966	Fig. 6	25
1967	Fig. 6	35
1969	Fig. 6	143B
1970	Fig. 6	U2OS/MTX300
1971	Fig. 6	0
1972	Fig. 6	1
1973	Fig. 6	2
1974	Fig. 6	3
1975	Fig. 6	4
1979	Fig. 6	Rab22a-NeoF1 + WT–iRGD
1980	Fig. 6	Rab22a-NeoF1 + DD–iRGD
1981	Fig. 6	Rab22a-NeoF1
1983	Fig. 6	P = 0.2056
1984	Fig. 6	P = 0.5458
1985	Fig. 6	P = 0.494
1986	Fig. 6	P < 0.0004
1987	Fig. 6	P = 0.7938
1988	Fig. 6	P < 0.0004
1989	Fig. 6	P = 0.242
1990	Fig. 6	P = 0.4288
1991	Fig. 6	P = 0.0011
1992	Fig. 6	P = 0.0006
1996	Fig. 6	143B
1997	Fig. 6	U2OS/MTX300
1998	Fig. 6	0
1999	Fig. 6	1
2000	Fig. 6	2
2001	Fig. 6	3
2002	Fig. 6	4
2006	Fig. 6	Rab22a-NeoF1 + WT–iRGD
2007	Fig. 6	Rab22a-NeoF1 + DD–iRGD
2008	Fig. 6	Rab22a-NeoF1
2010	Fig. 6	P = 0.8379
2011	Fig. 6	P > 0.9159
2012	Fig. 6	P < 0.0003
2013	Fig. 6	P = 0.3513
2014	Fig. 6	P < 0.0036
2015	Fig. 6	P = 0.3526
2016	Fig. 6	P = 0.6483
2017	Fig. 6	P = 0.0007
2018	Fig. 6	P = 0.0565
2019	Fig. 6	P < 0.0003
2022	Fig. 6	143B
2023	Fig. 6	U2OS/MTX300
2024	Fig. 6	0
2025	Fig. 6	2
2026	Fig. 6	4
2027	Fig. 6	6
2031	Fig. 6	Rab22a-NeoF1 + WT–iRGD
2032	Fig. 6	Rab22a-NeoF1 + DD–iRGD
2033	Fig. 6	Rab22a-NeoF1
2035	Fig. 6	P = 0.0979
2036	Fig. 6	P = 0.3046
2037	Fig. 6	P = 0.001
2038	Fig. 6	P = 0.7174
2039	Fig. 6	P = 0.0003
2040	Fig. 6	P = 0.1848
2041	Fig. 6	P = 0.0972
2042	Fig. 6	P = 0.9273
2043	Fig. 6	P = 0.0011
2044	Fig. 6	P = 0.0008
2049	Fig. 6	MALDELDVAL  GG (CRGDKGPDC)
2050	Fig. 6	MALRELKVAL GG(CRGDKGPDC)
2051	Fig. 7	Fig. 7 | Blocking the interaction between Rab22a-NeoF1 and SmgGDS-607 inhibits the RhoA activation, adhesion, migration and invasion. a, The
2053	Fig. 7	cell lysates from ZOS or ZOS-M and pulled down with streptavidin beads, and the eluates were analysed by western blotting. c, Lysates of 143B cells
2054	Fig. 7	were incubated with synthetic peptide 1–38(WT) or 1–38(DD) for 4 h, and assayed for RhoA activity. d, Lysates of 143B were incubated with purified
2055	Fig. 7	Rab22a-NeoF1(WT) or Rab22a-NeoF1(DD) eluates under the indicated conditions for 4 h, and then analysed for RhoA activity. e, Lysates of 293T cells
2056	Fig. 7	transfected with the indicated plasmids were immunoprecipitated with anti-Flag beads and analysed by western blot. f, Detection of RhoA–GTP in the
2057	Fig. 7	indicated stable cell lines by western blotting. Vector, vector-only control. Data in b–f are representative of n = 3 biologically independent experiments.
2058	Fig. 7	g, Migration, invasion and adhesion assays using the indicated stable cell lines expressing Rab22a-NeoF1 or Rab22a-NeoF1(K18D). Data are mean ± s.d.
2059	Fig. 7	of n = 3 biologically independent experiments. P values are shown; two-tailed Student's t-test. Vector, vector-only control. h, Western blot analysis of
2060	Fig. 7	immunoprecipitates of lysates from 293T cells, transfected with the indicated plasmids and treated with the WT–iRGD or DD–iRGD peptide for 24 h, using
2061	Fig. 7	anti-Flag beads. i,j, ZOS-M cells and 143B cells stably expressing Rab22a-NeoF1 were treated with or without 10 μM of WT–iRGD or DD–iRGD for 24 h.
2062	Fig. 7	RhoA–GTP was then detected by western blot. Data in h–j are representative of n = 3 biologically independent experiments. k–m, Adhesion (m), migration
2063	Fig. 7	(k) and invasion (l) assays using the indicated stable cell lines treated with or without 10 μM of WT–iRGD or DD–iRGD. Data are mean ± s.d. of n = 3
2066	Fig. 7	878
2070	Fig. 7	Rab22a-NeoF1
2071	Fig. 7	1
2072	Fig. 7	10
2073	Fig. 7	Rab22a-NeoF1
2074	Fig. 7	DD–iRDG
2075	Fig. 7	WT–iRDG
2076	Fig. 7	DD–iRDG
2077	Fig. 7	WT–iRDG
2078	Fig. 7	iRGD (mg kg–1)
2079	Fig. 7	iRGD (mg kg–1)
2080	Fig. 7	iRGD (mg kg–1)
2081	Fig. 7	iRGD (mg kg–1)
2082	Fig. 7	iRGD (mg kg–1)
2083	Fig. 7	iRGD (mg kg–1)
2084	Fig. 7	143B
2088	Fig. 7	Rab22a-NeoF 1
2089	Fig. 7	143B
2091	Fig. 7	10
2092	Fig. 7	Rab22a-NeoF1
2093	Fig. 7	1
2097	Fig. 7	5 mm
2098	Fig. 7	5 mm
2099	Fig. 7	5 mm
2100	Fig. 7	5 mm
2101	Fig. 7	5 mm
2102	Fig. 7	5 mm
2105	Fig. 7	5 mm
2109	Fig. 7	WT–iRG
2112	Fig. 7	1
2113	Fig. 7	10
2114	Fig. 7	5 mm
2115	Fig. 7	5 mm
2116	Fig. 7	5 mm
2117	Fig. 7	5 mm
2120	Fig. 7	DD–iRDG
2121	Fig. 7	WT–iRDG
2122	Fig. 7	DD–iRDG
2123	Fig. 7	WT–iRDG
2124	Fig. 7	1
2125	Fig. 7	10
2127	Fig. 7	Lung metastasis (nodules)
2129	Fig. 7	Rab22a-NeoF1
2130	Fig. 7	0
2131	Fig. 7	5
2132	Fig. 7	10
2133	Fig. 7	15
2134	Fig. 7	20
2136	Fig. 7	1
2137	Fig. 7	1
2138	Fig. 7	10
2139	Fig. 7	10
2140	Fig. 7	1
2141	Fig. 7	1
2142	Fig. 7	10
2143	Fig. 7	10
2145	Fig. 7	Rab22a-NeoF1
2146	Fig. 7	P = 0.6638
2147	Fig. 7	P = 0.8232
2148	Fig. 7	P < 0.0001
2149	Fig. 7	P < 0.0001
2150	Fig. 7	P < 0.0001
2152	Fig. 7	Lung metastasis (nodules)
2154	Fig. 7	0
2155	Fig. 7	2
2156	Fig. 7	4
2157	Fig. 7	6
2158	Fig. 7	P = 0.1886
2159	Fig. 7	P = 0.4143
2160	Fig. 7	P = 0.0029
2161	Fig. 7	P = 0.0029
2173	Fig. 7	SmgGDS-regulated RhoA signalling
2174	Fig. 7	Consititutive RhoA signalling by Rab22a-NeoFs
2185	Fig. 7	SmgGDS-607
2188	Fig. 7	SmgGDS607
2195	Fig. 7	RAB22A
2197	Fig. 7	g
2202	Fig. 7	4.0
2203	Fig. 7	3.0
2204	Fig. 7	2.0
2205	Fig. 7	Radiance (×107 p s–1 cm–2 sr–1)
2207	Fig. 7	(×105 p s–1 cm–2 sr–1)
2208	Fig. 7	1.0
2209	Fig. 7	4.0
2210	Fig. 7	5.0
2211	Fig. 7	6.0
2212	Fig. 7	7.0
2213	Fig. 7	3.0
2214	Fig. 7	2.0
2215	Fig. 8	Fig. 8 | Blocking the interaction between Rab22a-NeoF1 and SmgGDS-607 inhibits lung metastasis of osteosarcoma. a–f, In vivo orthotopic model of
2216	Fig. 8	osteosarcoma metastasis using 143B-Luc cells stably expressing Rab22a-NeoF1 (n = 8 biologically independent animals) (a–c) or ZOS-M-Luc cells (n = 6
2218	Fig. 8	mice. b,e, H&E staining of lungs from representative tumour-bearing nude mice. Scale bars, 5 mm. c,f, Quantification of lung nodules. Data are mean ±
2219	Fig. 8	s.d. p values are shown. Two-tailed Student's t-test. Vector, vector-only control. g, Proposed model for the mechanism of Rab22a-NeoF1 in promoting lung
2222	Fig. 8	879
2225	Fig. 8	drive lung metastasis in multiple cancer types. Residues 1–10 of
2226	Fig. 8	Rab22a-NeoF1 conjugated to the cell-penetrating peptide iRGD
2227	Fig. 8	prevented lung metastasis in the orthotopic osteosarcoma metas-
2228	Fig. 8	tasis model (Fig. 8a–f and Extended Data Fig. 10i–k), suggesting
2230	Fig. 8	cancer who are positive for the Rab22a1–38 fusion gene(s).
2231	Fig. 8	The guanine nucleotide exchange factor SmgGDS-607 rec-
2232	Fig. 8	ognizes the polybasic region and the CAAX box of several small
2233	Fig. 8	GTPases, and inhibits prenylation by impeding their entry into
2234	Fig. 8	the geranylgeranylation pathway33,34,38,39. As illustrated in Fig. 8g,
2236	Fig. 8	tively charged region (red) via CAAX (black line) and the posi-
2237	Fig. 8	tively charged region (blue) of SmgGDS-607 until a signal triggers
2239	Fig. 8	membrane via CAAX (black line)40. In osteosarcoma cells posi-
2240	Fig. 8	tive for Rab22a-NeoF1, Rab22a-NeoF1 binds to the negatively
2241	Fig. 8	charged region of SmgGDS-607 via Arg4 and Lys7 to form a
2242	Fig. 8	Rab22a-NeoF1–SmgGDS-607–RhoA complex, which may facili-
2243	Fig. 8	tate the communication between SmgGDS-607 and RhoA, thereby
2244	Fig. 8	accelerating GDP–GTP exchange on RhoA. Consequently, more
2245	Fig. 8	RhoA–GTP is transported to the plasma membrane, promoting
2246	Fig. 8	lung metastasis. However, how Rab22a-NeoF1 facilitates the release
2247	Fig. 8	of RhoA–GTP from the SmgGDS-607–RhoA complex needs fur-
2248	Fig. 8	ther investigation, as the association with SmgGDS-607 is neces-
2249	Fig. 8	sary but insufficient for Rab22a-NeoF1 to promote osteosarcoma
2250	Fig. 8	lung metastasis (for example, in experiments with peptide(WT) and
2251	Fig. 8	Rab22a-NeoF1(K18D)). One possibility is that Rab22a-NeoF1, as
2252	Fig. 8	the product of an intron-fused transcript, exhibits distinct folding
2254	Fig. 8	nistic study of Rab22a-NeoF1 is an example of a gain of function
2255	Fig. 8	caused by a fusion protein disrupting a protein–protein interaction
2256	Fig. 8	(SmgGDS-607–RhoA), as proposed by Latysheva et al. 41.
2260	Fig. 8	progression. Thus, existing RNA-seq data may contain many fusion
2261	Fig. 8	transcripts of interest that could be revealed using TopHat-fusion
2264	Fig. 8	Any methods, additional references, Nature Research reporting
2265	Fig. 8	summaries, source data, extended data, supplementary informa-
2267	Fig. 8	contributions and competing interests; and statements of data and
2268	Fig. 8	code availability are available at https://doi.org/10.1038/s41556-
2269	Fig. 8	020-0522-z.
2270	Fig. 8	Received: 17 January 2019; Accepted: 16 April 2020;
2271	Fig. 8	Published online: 1 June 2020
2273	References	1.	 Rosenberg, A. E. WHO classification of soft tissue and bone,
2274	References	fourth edition: summary and commentary. Curr. Opin. Oncol. 25,
2275	References	571–573 (2013).
2276	References	2.	 Mirabello, L., Troisi, R. J. & Savage, S. A. Osteosarcoma incidence and
2277	References	survival rates from 1973 to 2004: data from the Surveillance, Epidemiology,
2278	References	and End Results Program. Cancer 115, 1531–1543 (2009).
2279	References	3.	 Dorfman, H. D. & Czerniak, B. Bone cancers. Cancer 75, 203–210 (1995).
2280	References	4.	 Valery, P. C., Laversanne, M. & Bray, F. Bone cancer incidence by
2281	References	morphological subtype: a global assessment. Cancer Causes Control 26,
2282	References	1127–1139 (2015).
2283	References	5.	 Zambo, I. & Vesely, K. WHO classification of tumours of soft tissue and
2284	References	bone 2013: the main changes compared to the 3rd edition. Cesk. Patol. 50,
2285	References	64–70 (2014).
2286	References	6.	 Lorenz, S. et al. Unscrambling the genomic chaos of osteosarcoma reveals
2288	References	TP53 aberrations. Oncotarget 7, 5273–5288 (2016).
2289	References	7.	 Kovac, M. et al. Exome sequencing of osteosarcoma reveals mutation
2290	References	signatures reminiscent of BRCA deficiency. Nat. Commun. 6, 8940 (2015).
2291	References	8.	 Stephens, P. J. et al. Massive genomic rearrangement acquired in a single
2292	References	catastrophic event during cancer development. Cell 144, 27–40 (2011).
2293	References	9.	 Chen, X. et al. Recurrent somatic structural variations contribute to
2294	References	tumorigenesis in pediatric osteosarcoma. Cell Rep. 7, 104–112 (2014).
2295	References	10.	Kansara, M., Teng, M. W., Smyth, M. J. & Thomas, D. M. Translational
2296	References	biology of osteosarcoma. Nat. Rev. Cancer 14, 722–735 (2014).
2297	References	11.	Perry, J. A. et al. Complementary genomic approaches highlight the PI3K/
2298	References	mTOR pathway as a common vulnerability in osteosarcoma. Proc. Natl Acad.
2299	References	Sci. USA 111, E5564–E5573 (2014).
2300	References	12.	Helman, L. J. & Meltzer, P. Mechanisms of sarcoma development. Nat. Rev.
2301	References	Cancer 3, 685–694 (2003).
2302	References	13.	Gokgoz, N. et al. Comparison of p53 mutations in patients with localized
2303	References	osteosarcoma and metastatic osteosarcoma. Cancer 92, 2181–2189 (2001).
2304	References	14.	Ji, J. et al. Inherited germline ATRX mutation in two brothers with ATR-X
2305	References	syndrome and osteosarcoma. Am. J. Med. Genet. A 173, 1390–1395 (2017).
2306	References	15.	Smolle, M. A. et al. A novel mutation in ATRX associated with intellectual
2307	References	disability, syndromic features, and osteosarcoma. Pediatr. Blood Cancer 64,
2308	References	26522 (2017).
2309	References	16.	Mertens, F., Johansson, B., Fioretos, T. & Mitelman, F. The emerging
2310	References	complexity of gene fusions in cancer. Nat. Rev. Cancer 15, 371–381 (2015).
2311	References	17.	Drilon, A. et al. Entrectinib in ROS1 fusion-positive non-small-cell lung
2312	References	cancer: integrated analysis of three phase 1–2 trials. Lancet Oncol. 21,
2313	References	261–270 (2020).
2314	References	18.	Doebele, R. C. et al. Entrectinib in patients with advanced or metastatic
2315	References	NTRK fusion-positive solid tumours: integrated analysis of three phase 1–2
2316	References	trials. Lancet Oncol. 21, 271–282 (2020).
2317	References	19.	Brien, G. L., Stegmaier, K. & Armstrong, S. A. Targeting chromatin
2318	References	complexes in fusion protein-driven malignancies. Nat. Rev. Cancer 19,
2319	References	255–269 (2019).
2320	References	20.	Latysheva, N. S. & Babu, M. M. Discovering and understanding oncogenic
2322	References	Res. 44, 4487–4503 (2016).
2323	References	21.	Tomlins, S. A. et al. Distinct classes of chromosomal rearrangements create
2324	References	oncogenic ETS gene fusions in prostate cancer. Nature 448, 595–599 (2007).
2325	References	22.	Singh, D. et al. Transforming fusions of FGFR and TACC genes in human
2326	References	glioblastoma. Science 337, 1231–1235 (2012).
2327	References	23.	Zou, C. Y. et al. Establishment and characteristics of two syngeneic
2328	References	human osteosarcoma cell lines from primary tumor and skip metastases.
2329	References	Acta Pharmacol. Sin. 29, 325–332 (2008).
2330	References	24.	Tang, Q. L. et al. Glycogen synthase kinase-3β, NF-κB signaling, and
2331	References	tumorigenesis of human osteosarcoma. J. Natl Cancer Inst. 104,
2332	References	749–763 (2012).
2333	References	25.	Yin, J. Q. et al. Bufalin induces apoptosis in human osteosarcoma U-2OS
2334	References	and U-2OS methotrexate300-resistant cell lines. Acta Pharmacol. Sin. 28,
2335	References	712–720 (2007).
2336	References	26.	Anderson, N. D. et al. Rearrangement bursts generate canonical gene fusions
2337	References	in bone and soft tissue tumors. Science 361, eaam8419 (2018).
2338	References	27.	Shen, M. M. Chromoplexy: a new category of complex rearrangements in the
2339	References	cancer genome. Cancer Cell 23, 567–569 (2013).
2340	References	28.	Chen, G. et al. MRI-visible polymeric vector bearing CD3 single chain
2341	References	antibody for gene delivery to T cells for immunosuppression. Biomaterials 30,
2342	References	1962–1970 (2009).
2343	References	29.	Mao, S. et al. Synthesis, characterization and cytotoxicity of poly(ethylene
2344	References	glycol)-graft-trimethyl chitosan block copolymers. Biomaterials 26,
2345	References	6343–6356 (2005).
2346	References	30.	Kamai, T. et al. Overexpression of RhoA, Rac1, and Cdc42 GTPases is
2347	References	associated with progression in testicular cancer. Clin. Cancer Res. 10,
2348	References	4799–4805 (2004).
2349	References	31.	Sahai, E. & Marshall, C. J. RHO-GTPases and cancer. Nat. Rev. Cancer 2,
2350	References	133–142 (2002).
2351	References	32.	Hamel, B. et al. SmgGDS is a guanine nucleotide exchange factor
2352	References	that specifically activates RhoA and RhoC. J. Biol. Chem. 286,
2353	References	12141–12148 (2011).
2354	References	33.	Shimizu, H. et al. Structure-based analysis of the guanine nucleotide
2355	References	exchange factor SmgGDS reveals armadillo-repeat motifs and key regions for
2356	References	activity and GTPase binding. J. Biol. Chem. 292, 13441–13448 (2017).
2357	References	34.	Jennings, B. C., Lawton, A. J., Rizk, Z. & Fierke, C. A. SmgGDS-607
2359	References	57, 4289–4298 (2018).
2360	References	35.	Eathiraj, S., Pan, X., Ritacco, C. & Lambright, D. G. Structural basis of
2361	References	family-wide Rab GTPase recognition by rabenosyn-5. Nature 436,
2362	References	415–419 (2005).
2363	References	36.	Sugahara, K. N. et al. Tissue-penetrating delivery of compounds and
2364	References	nanoparticles into tumors. Cancer Cell 16, 510–520 (2009).
2365	References	37.	Sugahara, K. N. et al. Coadministration of a tumor-penetrating peptide
2366	References	enhances the efficacy of cancer drugs. Science 328, 1031–1035 (2010).
2367	References	38.	Garcia-Torres, D. & Fierke, C. A. The chaperone SmgGDS-607 has a dual
2368	References	role, both activating and inhibiting farnesylation of small GTPases.
2369	References	J. Biol. Chem. 294, 11793–11804 (2019).
2371	References	880
2374	References	39.	Shimizu, H., Toma-Fukai, S., Kontani, K., Katada, T. & Shimizu, T. GEF
2375	References	mechanism revealed by the structure of SmgGDS-558 and farnesylated RhoA
2377	References	USA 115, 9563–9568 (2018).
2378	References	40.	Berg, T. J. et al. Splice variants of SmgGDS control small GTPase
2379	References	prenylation and membrane localization. J. Biol. Chem. 285, 35255–35266
2380	References	(2010).
2381	References	41.	Latysheva, N. S. et al. Molecular principles of gene fusion mediated rewiring
2382	References	of protein interaction networks in cancer. Mol. Cell 63, 579–592 (2016).
2385	References	© The Author(s), under exclusive licence to Springer Nature Limited 2020,
2386	References	corrected publication 2024
2388	References	881
2392	Methods	Human samples. The study is compliant with all relevant ethical regulations
2393	Methods	regarding research involving human participants, and informed consent was
2396	Methods	of Sun Yat-sen University. Tumour specimens collected from primary tumours of
2398	Methods	Oncology, First Affiliated Hospital, Sun Yat-sen University, between 2014 and 2017,
2399	Methods	were reviewed by a pathologist and immediately frozen and stored at −80 °C until
2400	Methods	use (Supplementary Table 2). Tissue RNA extraction was performed using TRIzol
2401	Methods	according to the manufacturer’s instructions.
2402	Methods	RNA-seq and whole-genome sequencing. RNA-seq and whole-genome
2403	Methods	sequencing (WGS) were performed by Novogene using an Illumina X TEN.
2404	Methods	The 6 GB and 90 GB clean data per sample were collected for RNA-seq and
2406	Methods	Analysis of RNA-seq data and WGS. Hg38 assembly was used for the read
2407	Methods	alignment, and gene annotation was obtained using Ensembl gene annotation
2408	Methods	v.90. To search for fusion transcripts, we used the TopHat-2.1.042 Linux_x86_64
2409	Methods	version of the software. The following command was used to search for fusion
2410	Methods	transcripts: tophat-o OUTPUTDIRECTORY -p8 –fusion-search –keep-fasta-order
2411	Methods	–no-coverage-search -r0 –mate -std-dev 80 –max-intron-length 100000 –
2412	Methods	fusion-min-dist 100000 –fusion-anchor-length13 –fusion-ignore-chromosomes
2413	Methods	chM BOWTIE2_INDEX sample_1.fastq.gz sample_2.fastq. gz. SQUID43 was used
2415	Methods	aligned to the reference genome using STAR44. The chimeric transcripts were
2416	Methods	sorted and converted to BAM format using sambamba45. Structural variations were
2417	Methods	detected by SQUID using default parameters.
2418	Methods	For WGS, reads were mapped to hg38 using Burrows-Wheeler Aligner
2419	Methods	(BWA) and sorted using PICARD (https://github.com/broadinstitute/picard). The
2420	Methods	structural variations were identified using the DELLY germline-calling method.
2421	Methods	Structural variations involving chromosome 20 were visualized using Circos.
2422	Methods	To analyse RAB22A fusions from the CCLE dataset, raw RNA-seq data were
2424	Methods	and SQUID. To identify RAB22A fusions in The Cancer Genome Atlas dataset,
2425	Methods	we searched the cBio portal (http://www.cbioportal.org) for all mutations related
2426	Methods	to RAB22A, and identified four tumour samples with RAB22A fusions. We then
2427	Methods	checked the break points of the four fusions to keep those that break immediately
2428	Methods	after exon 2 and downloaded the corresponding raw RNA-seq data for analysis
2430	Methods	Cell culture. Human cell lines U2OS, MG63, 143B, HOS, MNNG-HOS, SaOS2,
2431	Methods	BT-474, HCC2935 and HEK293T were cultured according to instructions from
2432	Methods	the American Type Culture Collection. ZOS, ZOS-M and U2OS/MTX300 cells
2433	Methods	were cultured as described previously23,25. The 143B-Luc and U2OS/MTX300-Luc
2434	Methods	cells were cultured as described previously46, and their derived stable cell lines were
2435	Methods	generated by infecting the cells with lentiviruses carrying the relevant shRNAs or
2436	Methods	cDNAs and carrying out selection with puromycin. All cell lines used in this study
2437	Methods	were authenticated using short-tandem-repeat profiling less than six months before
2438	Methods	the project was initiated, and were not cultured for more than one month.
2439	Methods	Validation of fusion transcripts encoding Rab22a1–38. RAB22A-NeoF1–6,
2440	Methods	RAB22A-MYO9B and RAB22A-TEF fusion transcripts were identified by
2441	Methods	direct sequencing of polymerase chain reaction (PCR) products spanning the
2442	Methods	breakpoint of the fusion genes. Among a cohort of 97 osteosarcoma specimens, the
2443	Methods	RAB22A-NeoF1–6 transcripts were screened by RT–PCR and Sanger sequencing.
2444	Methods	The primers used for RT–PCR are listed in Supplementary Table 6.
2445	Methods	Transfection experiments. RAB22A-NeoF1 siRNAs were synthesized by
2446	Methods	GenePharma. Transfections were performed according to the manufacturer’s
2447	Methods	instructions using Lipofectamine RNAiMAX transfection reagent (Invitrogen)
2448	Methods	and 50 nmol l−1 siRNA. Transient transfection of 293T cells was performed with
2449	Methods	polyethyleneimine (25 kDa), and cells were collected after 48 h for subsequent assay
2450	Methods	and lentiviral packaging. The siRNAs used are listed in Supplementary Table 7.
2451	Methods	RT–qPCR. Total RNA was prepared using TRIzol reagent, and cDNA was
2452	Methods	synthesized according to the manufacturer’s instructions (Thermo). Quantitative
2453	Methods	PCR with reverse transcription (RT–qPCR) was performed using a Light Cycler
2454	Methods	480 instrument (Roche Diagnostics) with SYBR Green PCR Master Mix (Kapa).
2455	Methods	All reactions were carried out in a 10 μl reaction volume in triplicate. The primers
2458	Methods	Specificity was verified by melting curve analysis. The primers used for RT–qPCR
2459	Methods	are listed in Supplementary Table 6.
2460	Methods	Plasmids, cloning, and lentivirus production. cDNAs for SmgGDS-607,
2461	Methods	SmgGDS-558, RhoA, RhoB, RhoC, Rac1 and Cdc42 were amplified by PCR and
2462	Methods	cloned into the pCDNA3.1 vector with a HA or Myc tag. RAB22A-NeoF1–6
2464	Methods	Cloning Kit (Clontech) was used to insert mutations to generate SmgGDS-
2465	Methods	607(E254K/D256K), Rab22a-NeoF1(DD) and Rab22a-NeoF1(EE), and the
2467	Methods	psPAX2 and Pmd2.G into HEK293T cells as previously described46.
2468	Methods	To generate RhoA- and SmgGDS-knockout human osteosarcoma cells with
2469	Methods	LentiCRISPR, guide RNA (gRNA) sequences were designed to target the coding
2470	Methods	sequence of RhoA and SmgGDS (http://crispr.mit.edu/). The used shRNAs and
2471	Methods	sgRNAs used are listed in Supplementary Table 8.
2472	Methods	Cell viability assay. Cells were seeded in 96-well plates at a density of 2,000 cells
2473	Methods	per well. Cell viability was measured using MTT assays at 24 h.
2475	Methods	delivery reagent PEG-g-PEI was performed as described previously28. siRNA and
2476	Methods	PEG-g-PEI (N/P = 10; N/P: the ratio of the number of nitrogen atoms in delivery
2477	Methods	agents to that of the phosphorus atoms in siRNA) were mixed by gentle pipetting
2478	Methods	and kept at room temperature for 30 min to allow polyplex formation. The mixture
2480	Methods	ZOS-M Luc and U2OS/MTX300-Luc cells were orthotopically implanted into
2481	Methods	nude mice after one week. The solution of siRNA (10 μM) and PEG-g-PEI polyplex
2482	Methods	was prepared at N/P = 10, mixed by gentle pipetting, and kept at room temperature
2483	Methods	for 30 min to allow polyplex formation. The mixture was then injected into the tail
2484	Methods	vein every other day (siRNA dose: 425 μg kg−1 body weight) for 4 weeks. Mice were
2485	Methods	monitored for lung metastases by quantitative bioluminescence imaging at the
2487	Methods	Generation of antibody RAD5-8 and hRAD5-8-v1-R5 antibodies against
2488	Methods	Rab22a-NeoF1. The monoclonal antibody RAD5-8 was generated using mouse
2490	Methods	15-mer synthesized peptide, RAD5 (SunLight Peptides) derived from the reverse
2491	Methods	intron sequences of DOK5 in Rab22a-NeoF1 (68QQKSTTPASNHGKSR82)
2492	Methods	was used as the immunogen. For immunization of mice, the keyhole limpet
2493	Methods	haemocyanin-conjugated RAD5 peptide was emulsified in complete Freud’s
2494	Methods	adjuvant (Sigma–Aldrich) and injected into BALB/c mice (6–8 weeks old,
2495	Methods	50 μg per dose). Immunizations were repeated with the same antigen using
2496	Methods	incomplete Freud’s adjuvant (Sigma–Aldrich) at two-week intervals for two more
2497	Methods	immunizations. Mouse sera were assayed for binding to the biotinylated synthetic
2498	Methods	RAD5 peptide (biotin–RAD5) by enzyme-linked immunosorbent assay (ELISA).
2499	Methods	Mice with a sufficient antibody titre were given a final booster immunization and
2500	Methods	were euthanized 3 d later. Spleen cells from these mice were fused with myeloma
2501	Methods	Sp2/0 cells to generate hybridoma clones. ELISA was used to screen for biotin–
2502	Methods	RAD5-specific monoclonal antibodies. After screening about 6,000 clones, 32
2503	Methods	clones that were specific for biotin–RAD5 peptide were selected. Among these,
2504	Methods	two monoclonal antibodies, RAD5-8 and RAD5-16, were specifically positive for
2505	Methods	Rab22a-NeoF1 (recombinant protein with a human Fc tag at the C-terminus).
2506	Methods	RAD5-8 had a higher binding affinity and was further validated for binding to the
2508	Methods	For humanization RAD5-8, the variable (V) gene sequences of RAD5-8 were
2509	Methods	cloned from the hybridoma cells. The cloned V genes, including heavy-chain and
2511	Methods	vectors containing human constant regions of heavy- and light-chain, respectively,
2512	Methods	and co-transfected into 293F suspension cells to produce chimeric RAD5
2513	Methods	monoclonal antibodies. The chimeric RAD5 antibody was confirmed to bind to
2514	Methods	Rab22a-NeoF1 fusion protein with comparable binding activity to the parental
2515	Methods	mouse RAD5-8. Next, for humanization of the V genes of RAD5-8, combinatory
2516	Methods	approaches including complementarity-determining region grafting, framework
2517	Methods	shuffling and structure modelling were applied to design the first version of the
2518	Methods	humanized VH and VL genes. The designed humanized antibody, termed as
2519	Methods	hRAD5-8-v1, was confirmed to bind to Rab22a-NeoF1, and then underwent an
2520	Methods	affinity-maturation process to further improve its binding affinity using a phage
2521	Methods	display antibody library carrying mutations at the selected sites of the V genes.
2522	Methods	By library selection and ELISA screening, a final affinity-matured humanized
2523	Methods	monoclonal antibody, hRAD5-8-v1-R5, was identified. hRAD5-8-v1-R5 was
2524	Methods	expressed and purified by transient transfection of 293F cells, and used for
2525	Methods	western blotting.
2526	Methods	Generation of anti-Rab22a-N antibody against the N terminus of
2527	Methods	Rab22a. Anti-Rab22a-N, an antibody against Rab22a1–38, was generated
2528	Methods	by immunizing rabbits with the synthetic peptide 1MALRLKVDl
2529	Methods	LGDTGVGKSSIVWRFVEDSFDPNINPT38I.
2530	Methods	Boyden-chamber assays. Cell migration and invasion were examined using
2531	Methods	24-well Boyden chambers with 8 μm inserts, coated with (invasion) or without
2532	Methods	(migration) Matrigel, as previously described46. A total of 5 × 104 (osteosarcoma
2533	Methods	cell lines) and 3 × 105 (BT-474 or HCC2935 cells) per well were plated on the
2534	Methods	inserts and cultured at 37 °C in the top chambers without serum for 10 h and
2535	Methods	24 h, respectively. Cells that traversed the inserts were stained with crystal violet
2536	Methods	(0.005%, Sigma) and counted under phase-contrast microscopy.
2540	Methods	Adhesion assay. Cell adherence to fibronectin was evaluated using culture plates
2541	Methods	that were pretreated with 10% BSA to block nonspecifically binding proteins and
2542	Methods	with fibronectin. The cells (5 × 105 cells per ml) were then suspended in serum-free
2543	Methods	medium at 37 °C and allowed to adhere to the plate for 30 min. Non-adherent
2544	Methods	cells were removed by gently washing three times with PBS, and the adhered
2545	Methods	cells were stained with crystal violet (0.005%, Sigma) and counted under
2547	Methods	Tandem affinity purification. TAP was carried out as described previously47.
2548	Methods	In brief, HEK293T cells were transfected with plasmids encoding C-terminal
2549	Methods	SFB-tagged Rab22a-NeoF1 and stable cells were selected with puromycin
2550	Methods	(1.0 μg ml). The cells were lysed in NETN buffer (100 mM NaCl, 20 mM Tris-HCl
2551	Methods	(pH 8.0), 1 mM EDTA, 0.5 mM DTT, 0.5% Nonidet P-40) containing 50 mM
2552	Methods	β-glycerophosphate, 10 mM NaF and 1 mg ml−1 each of pepstatin A and aprotinin.
2553	Methods	The lysates were centrifuged at 12,000 rpm to remove debris and then incubated
2554	Methods	with streptavidin-conjugated beads (Amersham) for 4 h at 4 °C. The beads were
2556	Methods	containing 2 mg ml−1 biotin (Sigma). The eluates were incubated with S-protein
2557	Methods	beads (Novagen) for 4 h. After five washes, the bound proteins were analysed by
2558	Methods	SDS–PAGE, and mass spectrometry was performed by PTM BioLabs. The immune
2560	Methods	PAGE and western blotting.
2561	Methods	Immunoblot and immunoprecipitation. For western blot analysis, cells were
2562	Methods	lysed in RIPA buffer (50 mM Tris-HCl, 150 mM NaCl, 5 mM EDTA, 0.5% NP-
2563	Methods	40) containing protease inhibitor and phosphatase inhibitor cocktails (Thermo
2564	Methods	Scientific). Lysates were cleared by centrifugation at 12,000 rpm for 20 min at
2565	Methods	4 °C. The cleared lysates were incubated with antibody beads or agarose overnight
2566	Methods	at 4 °C, or antibodies overnight at 4 °C followed by incubation with protein
2567	Methods	A/G PLUS-Agarose (Santa Cruz) at 4 °C for 2 h. Precipitates were then washed
2568	Methods	five times with cold RIPA buffer and eluted with 5× SDS sample buffer. The
2569	Methods	immunoprecipitates were separated by SDS–PAGE and transferred to a PVDF
2570	Methods	membrane (Millipore). The membranes were blocked in TBS containing 5%
2571	Methods	non-fat milk and 0.1% Tween-20 and probed with primary antibodies overnight
2572	Methods	at 4 °C, washed 5 times with TBS containing 5% non-fat milk and 0.1% Tween-20,
2575	Methods	antibodies and their concentrations are listed in the Reporting Summary.
2576	Methods	Protein expression and purification. SmgGDS-607 was amplified and cloned into
2577	Methods	a modified pET28 vector, and the correct constructs (confirmed by sequencing)
2578	Methods	were expressed in Escherichia coli Rosetta DE3 at 18 °C in terrific-broth medium
2579	Methods	supplemented with 0.1 mg ml−1 kanamycin and 34 μg ml−1 chloromycetin overnight
2580	Methods	after induction with 0.1 mM isopropyl-β-d-1-thiogalactopyranoside when
2581	Methods	the optical density at 600 nm was 0.6–0.8. Cells were collected and lysed with
2582	Methods	buffer A (20 mM HEPES, 200 mM NaCl, 10 mM imidazole, 1 mM PMSF, 2 mM
2583	Methods	β-mercaptoethanol, pH 7.5) using a cell disruptor (JNBIO) and centrifuged at
2584	Methods	18,000 rpm for 1 h. The supernatant was filtered and applied to a Ni-NTA column
2585	Methods	(GE Healthcare) equilibrated with buffer A. After washing with buffer B (buffer
2586	Methods	A with 30 mM imidazole), SmgGDS was eluted with buffer C (buffer A with
2587	Methods	300 mM imidazole). The eluted protein was further loaded onto a Superdex200
2588	Methods	16/60 column (GE Healthcare) equilibrated with buffer D (20 mM HEPES, 150 mM
2589	Methods	NaCl, 1 mM DTT) after His-tag cleavage by PreScission protease. The fractions
2591	Methods	was collected, concentrated, aliquoted and stored at −80 °C until use.
2593	Methods	performed as a pull-down assay using glutathione S-transferase (GST)–Rhotekin–
2594	Methods	Rho binding domain (RBD) protein beads and a monoclonal RhoA, RhoB or RhoC
2595	Methods	antibody, according to the manufacturer’s protocol (Cytoskeleton, RT02)48. ZOS-M
2596	Methods	cells or 143B cells stably expressing Rab22a-NeoF1 were treated with WT–iRGD or
2597	Methods	DD–iRGD for 24 h, and then immunoprecipitated with GST–RBD protein beads
2598	Methods	for 1 h followed by analysis by western blot.
2599	Methods	For the RhoA–GTP assay in vitro, RhoA-knockout 143B cells were infected
2600	Methods	with Rab22a-NeoF1(WT)–SFB or Rab22a-NeoF1(DD)–SFB lentivirus and selected
2601	Methods	with puromycin (0.5 μg ml−1). The stable cell lysates were pulled down with
2602	Methods	streptavidin-coated beads (Sigma–Aldrich) overnight at 4 °C, then eluted with
2603	Methods	2 mg ml−1 biotin for 6 h at 4 °C, and Rab22a-NeoF1(WT) or Rab22a-NeoF1(DD)
2604	Methods	proteins were enriched in the eluates. 143B cell lysates (0.5 mg) were incubated
2605	Methods	with the eluates for 4 h at 4 °C, and then the peptide(WT) (10 μg) or peptide(DD)
2606	Methods	(10 μg) was added for 2 h at 4 °C, or 143B cell lysates (0.5 mg) were incubated with
2607	Methods	the synthetic Rab22a1–38(WT) (10 μg) or Rab22a1–38(DD) (10 μg) for 4 h at 4°C.
2608	Methods	Then the 143B cell lysates were immunoprecipitated with GST–RBD protein beads
2609	Methods	for 1 h followed by analysed by western blotting.
2611	Methods	sections and cultured cell lines fixed in 4% paraformaldehyde were used for
2615	Methods	the RAB22A-NeoF1 fusion gene, we used the following probes: RP11-10959 (Alexa
2616	Methods	Fluor 555-labelled; 5ʹ to RAB22A) and RP11-6L15 (Alexa Fluor 488-labelled; 3ʹ to
2617	Methods	DOK5). All samples were viewed on a confocal laser scanning microscope (Zeiss).
2619	Methods	N-terminal biotin tag (Chinese Peptide). The assays were performed using
2620	Methods	30 μl of streptavidin-coated beads (Sigma–Aldrich) incubated with either
2621	Methods	different doses (2.5, 5 or 10 μM) of biotin-labelled peptides plus 1 mg of cell
2622	Methods	lysates, or different doses (0.25, 0.5, 1 or 2 mg ml−1) of cell lysates plus 5 μg of the
2623	Methods	biotin-labelled peptides. After 4 h incubation, the biotin precipitates were analysed
2625	Methods	iRGD block assay. Stable cells were treated with 10 μM of cell-penetrating WT–
2626	Methods	iRGD and DD–iRGD for 24 h and then subjected to the migration, invasion and
2628	Methods	HEK293T cells were co-transfected with Rab22a-NeoF1–SFB and
2629	Methods	SmgGDS-607–HA, and then treated with 5 μg WT–iRGD and DD–iRGD for 24 h.
2630	Methods	Lysates were pulled down using anti-Flag beads and analysed by western blot.
2632	Methods	regarding animal research. Animal experiments were approved by the Animal
2633	Methods	Research Committee of Sun Yat-sen University Cancer Center and performed in
2634	Methods	accordance with established guidelines. Four- to six-week-old male BALB/c nude
2636	Methods	metastasis model46,49,50, stable ZOS-Luc cells (2 × 106), ZOS-M-Luc cells (2 × 106),
2637	Methods	U2OS/MTX300-Luc cells (2 × 106) or 143B-Luc cells (6 × 105) were used per mouse
2639	Methods	the tail-vein metastasis model, these cells were used at 5 × 106 per mouse (six mice
2640	Methods	per group). The mice were monitored for lung metastases using the IVIS Lumina
2641	Methods	Imaging System, and their body weights were monitored weekly. The animals were
2642	Methods	euthanized when their tumours reached 1.5 cm in diameter, and the lungs were
2644	Methods	For the iRGD block assay in vivo, 2 × 106 ZOS-M-Luc and 6 × 105 143B-Luc
2645	Methods	stable cells per mouse were injected into the distal femur and proximal tibia (6–8
2646	Methods	mice per group) for 10 d and 20 d, respectively, and then WT–iRGD or DD–iRGD
2647	Methods	(1 mg kg−1 or 10 mg kg−1) was injected into the tail vein every other day. The mice
2648	Methods	were monitored for lung metastases using the IVIS Lumina Imaging System, and
2649	Methods	their body weights were monitored weekly. After the treatments with iRGD peptides
2650	Methods	for four weeks, the mice were euthanized and the lungs were collected and weighed.
2651	Methods	For the tail-vein metastasis model using TB-474 cells, female 4- to 6-week-old
2653	Methods	BT-474 stable cells at 7 × 106 cells per mouse; the cells were injected into the tail
2654	Methods	vein of mice (six mice per group). After two months, the mice were euthanized,
2655	Methods	and the lungs were collected and weighed. The number of metastatic nodules was
2656	Methods	determined microscopically in the lungs.
2657	Methods	The number of metastatic nodules was determined microscopically in the
2658	Methods	lungs. Survival was calculated with a cut-off tumour volume of 1,500 mm3 using
2660	Methods	determined using the long-rank Mantel–Cox) test.
2664	Methods	mean ± s.d. or mean ± s.e.m. Error bars s.d. or s.e.m. SPSS software (v.16.0, SPSS)
2666	Methods	t-test. Mouse survival was determined using Kaplan–Meier plots and compared
2667	Methods	using the long-rank test.
2668	Methods	Reporting Summary. Further information on research design is available in the
2669	Methods	Nature Research Reporting Summary linked to this article.
2672	Data availability	in the Sequence Read Archive (SRA) under the accession code SRP181860. The
2673	Data availability	human RAB22a fusion data were obtained from the The Cancer Genome Atlas
2675	Data availability	cbioportal.org/). RNA22A point-mutation data were retrieved from Catalogue
2677	Data availability	cBio portal database. Source data for Figs. 1–8 and Extended Data Figs. 1–10 are
2678	Data availability	available online. All other data supporting the findings of this study are available
2679	Data availability	from the corresponding author on reasonable request.
2681	References	42.	Kim, D. & Salzberg, S. L. TopHat-Fusion: an algorithm for discovery of novel
2682	References	fusion transcripts. Genome Biol. 12, R72 (2011).
2683	References	43.	Ma, C., Shao, M. & Kingsford, C. SQUID: transcriptomic structural variation
2684	References	detection from RNA-seq. Genome Biol. 19, 52 (2018).
2688	References	44.	Dobin, A. et al. STAR: ultrafast universal RNA-seq aligner. Bioinformatics 29,
2689	References	15–21 (2013).
2690	References	45.	Tarasov, A., Vilella, A. J., Cuppen, E., Nijman, I. J. & Prins, P. Sambamba:
2691	References	fast processing of NGS alignment formats. Bioinformatics 31,
2692	References	2032–2034 (2015).
2693	References	46.	Liao, D. et al. Aspirin suppresses the growth and metastasis of osteosarcoma
2694	References	through the NF-κB pathway. Clin. Cancer Res. 21, 5349–5359 (2015).
2695	References	47.	Maddika, S. et al. WWP2 is an E3 ubiquitin ligase for PTEN. Nat. Cell Biol.
2696	References	13, 728–733 (2011).
2697	References	48.	Ren, X. D. & Schwartz, M. A. Determination of GTP loading on Rho.
2698	Methods Enzymol. 325, 264–272 (2000).	Methods Enzymol. 325, 264–272 (2000).
2699	Methods Enzymol. 325, 264–272 (2000).	49.	Wang, X. et al. Targeting the CK1α/CBX4 axis for metastasis in osteosarcoma.
2700	Methods Enzymol. 325, 264–272 (2000).	Nat. Commun. 11, 1141 (2020).
2701	Methods Enzymol. 325, 264–272 (2000).	50.	American Association for Cancer Research. Protective effect of aspirin
2702	Methods Enzymol. 325, 264–272 (2000).	associated with SNP. Cancer Discov. https://doi.org/10.1158/2159-8290.
2703	Methods Enzymol. 325, 264–272 (2000).	CD-NB2014-011 (2014).
2707	Acknowledgements	and Development Program of China 2016YFA0500304 to T.K. and 2016YFA0503100
2708	Acknowledgements	to Jian Chen, the National Nature Science Foundation in China (NSFC) 81502512 to
2709	Acknowledgements	D.L., 81902738 to L.Z. and 81530081 to T.K. and Science and Technology Program of
2710	Acknowledgements	Guangzhou, China (grant no. 201508020102 and 201607020038 to T.K.).
2713	Author contributions	Chen performed the FISH. X.H. and J.S. generated the monoclonal antibodies (RAD5-8
2714	Author contributions	and hRAD5-8-v1-R5). X.S. generated the nanoparticles. J.Y. and J.-N.S. collected clinical
2715	Author contributions	samples. H.Z. and S.G. analysed the structures and purified proteins. D.L., L.Z., J.Y.,
2716	Author contributions	X.W., R.Z., X.-Y.G., W.D., Y.-X.Z., Jian Chen and T.K. analysed the data. D.L., S.G.,
2719	Competing interests	Competing interests
2720	Competing interests	The authors declare no competing interests.
2722	Competing interests	Extended data is available for this paper at https://doi.org/10.1038/s41556-020-0522-z.
2723	Competing interests	Supplementary information is available for this paper at https://doi.org/10.1038/
2724	Competing interests	s41556-020-0522-z.
2730	Competing interests	Extended Data Fig. 1 | See next page for caption.
2734	Competing interests	Extended Data Fig. 1 | Identification of the chromosomal translocation-derived aberrant RAB22A as the driver for osteosarcoma lung metastasis.
2735	Competing interests	a, RT-PCR (left panels) for each RAB22A-NeoF1-6 was performed as indicated, followed by Sanger sequencing using the indicated cell lines. The reading
2736	Competing interests	frames at the breakpoints are shown by the Sanger sequencing chromatogram (right panels). Data are representatives of n =3 biologically independent
2737	Competing interests	experiments. b, c, The whole-genome sequencing of ZOS and ZOS-M revealed that a region of chromosome 20 was also associated with chromosome
2738	Competing interests	chromothripsis. d, g, Quantification analyses of cell viability by the MTT assay in the indicated stable cells at 24h. Mean ± s.d. of n = 3 biologically
2740	Competing interests	and invasion (f) assays using the indicated stable cell lines. Mean ± s.d. of n = 4 biologically independent experiments. p values are shown. Two-tailed
2741	Competing interests	Student t-test. Vector, vector-only control. h, Quantification analyses of wet lung weight from the nude mice in Fig. 1e. Mean ± s.d. of n = 6 biologically
2743	Competing interests	of mice surviving in the indicated group using a predefined cut off tumor volume of 1.5 cm3. n=6 biologically independent animals. p values are shown.
2744	Competing interests	The Log-rank test was performed. Vector, vector-only control. Statistical source data are provided in Source Data Extended Data Fig. 1.
2748	Competing interests	Extended Data Fig. 2 | See next page for caption.
2752	Competing interests	Extended Data Fig. 2 | RAB22A-NeoF1 is dominant in ZOS and ZOS-M cells. a, The protein levels of each RAB22A-NeoF1-6 in U2OS cells transiently
2753	Competing interests	transfected with the indicated plasmids with or without 200 nm Bafilomycin A1 and 10 μm MG132 for 6 h. Vector, vector-only control. b, The reads
2754	Competing interests	of RAB22A-NeoF1-6 in both ZOS and ZOS-M cell lines. c, The detection of endogenous RAB22A-NeoF2/3/4/5/6 proteins by Western blotting in
2755	Competing interests	the indicated stable cell lines, as described in methods (Note: The Western blotting using anti-RAB22A-N followed by IP with anti-RAB22A-N was
2756	Competing interests	performed with the cut membranes below the molecular weight of 15 KDa to avoid the effects of wild type RAB22A). Data in a,c are representatives
2757	Competing interests	of n =3 biologically independent experiments. sgNC, negative control sgRNA. d, The amino acid sequence of RAB22A-NeoF1 full-length protein.
2758	Competing interests	Residues corresponding to the inverse DOK5 sequences are shown in red. e, Quantification analysis of mRNA levels of RAB22A-NeoF1 in the indicated
2759	Competing interests	osteosarcoma cell lines by real-time PCR. Mean ± s.d. of n = 3 biologically independent experiments. p values are shown. Two-tailed Student t-test. f, FISH
2760	Competing interests	analyses in ZOS and ZOS-M cells, as described in the methods. Red: RAB22A, Green: DOK5, yellow: the fusion of RAB22A and DOK5 indicated by arrows.
2761	Competing interests	Data are representatives of n = 3 biologically independent experiments. Statistical source data are provided in Source Data Extended Data Fig. 2.
2765	Competing interests	Extended Data Fig. 3 | See next page for caption.
2769	Competing interests	Extended Data Fig. 3 | RAB22A-NeoF1 promotes osteosarcoma lung metastasis. a, Binding specificity of mAb RAD5-8 against RAB22A-NeoF1 fusion
2770	Competing interests	protein. 293T cells transfected with the indicated plasmids or vector were lysed and mixed with 2xSDS sample buffer (Left panel), and the purified
2771	Competing interests	RAB22A-NeoF1-hFc fusion protein (Right panel), were then analyzed by Western blotting by mAb RAD5-8. Data are representatives of n = 3 biologically
2772	Competing interests	independent experiments. b, The effects of shRNA against RAB22A-NeoF1 detected by qRT-PCR. shNC, negative control shRNA. c, d, Quantification
2773	Competing interests	analyses of migration and invasion assays using the indicated stable cell lines. NC, negative control shRNA. e, Detection of RAB22A-NeoF1 in the indicated
2774	Competing interests	stable cell lines by Western blotting. Data are representatives of n = 3 biologically independent experiments. Vector, vector-only control. f, Quantification
2775	Competing interests	analyses of migration and invasion assays using the indicated stable cell lines. Data in b-d, f are mean ± s.d. of n=3 biologically independent experiments,
2776	Competing interests	p values are shown. Two-tailed Student’s t-test. Vector, vector-only control. g–k, The orthotopic osteosarcoma metastasis model in vivo using the indicated
2777	Competing interests	stable cell lines (n=6 biologically independent animals). g, i, Quantification analyses of wet lung weights. Data are the mean ± s.d. p values are shown. A
2778	Competing interests	two-tailed Student’s t-test was performed. h–k, Kaplan-Meier survival data were plotted as the percent of mice surviving in the indicated groups using a
2779	Competing interests	predefined cutoff tumor volume of 1.5 cm3. p values are shown. The Log-rank test was performed. NC, negative control shRNA. Vector, vector-only control.
2780	Competing interests	l, m, Representative images of mice from the tail vein injection metastasis model in vivo using the indicated stable cell lines (n=6 biologically independent
2781	Competing interests	animals). NC, negative control shRNA. Vector, vector-only control. Statistical source data are provided in Source Data Extended Data Fig. 3.
2785	Competing interests	Extended Data Fig. 4 | See next page for caption.
2789	Competing interests	Extended Data Fig. 4 | RAB22A-NeoF1 specifically activates RhoA, and depletion of RhoA abolishes the functions of RAB22A-NeoF1 in vitro. a, The
2790	Competing interests	partial list of proteins from the mass spectrum using cells stably expressing RAB22A-NeoF1-SFB. The unique and total peptide numbers for the indicated
2791	Competing interests	proteins are shown. b, c, e, 293T cells co-transfected with the indicated plasmids for 48 h were subjected to the indicated assays. d, The detection
2792	Competing interests	of Rho-GTP and membrane RhoA (RhoA-MEM) in the indicated stable cell lines by Western blotting. Vector, vector-only control. f, The co-IPs were
2793	Competing interests	performed using ZOS cells with IgG, mAb RAD5-8 or anti-RhoA at their endogenous levels, and were analyzed by Western blotting using hRAD5-8-V1-R5.
2794	Competing interests	g, The indicated proteins were analyzed by Western blotting in the indicated stable cells. Data in b-g are representatives of n = 3 biologically independent
2795	Competing interests	experiments. h, i, Quantification analyses of the migration and invasion (h) or adhesion (i) assays using the indicated stable cell lines. Vector, vector-only
2796	Competing interests	control. j, k, Quantification analyses of the migration and invasion (j) or adhesion (k) assays using the indicated stable cell lines with or without the
2797	Competing interests	RhoA inhibitor CT04. Data in h-k are Mean ± s.d. of n = 3 biologically independent experiments. p values are shown. A two-tailed Student’s t-test was
2798	Competing interests	performed. Vector, vector-only control. Statistical source data are provided in Source Data Extended Data Fig. 4.
2802	Competing interests	Extended Data Fig. 5 | RAB22A-NeoF1 promotes osteosarcoma lung metastasis in a manner dependent on RhoA. a, SgRNA1, 2-mediated knockout of
2803	Competing interests	RhoA in RAB22A-NeoF1 overexpression cells with or without re-introduction of RhoA back were analyzed by Western blotting. Data is representative of n
2804	Competing interests	= 3 biologically independent experiments. NC, negative control sgRNA. b, c, Quantification analyses of the migration (b) and invasion (c) assays using the
2805	Competing interests	indicated stable cell lines. Mean ± s.d. of n = 3 biologically independent experiments. p values are shown. Two-tailed Student t-test. NC, negative control
2806	Competing interests	sgRNA. Vector, vector-only control. d–f, The orthotopic osteosarcoma metastasis model in vivo using the indicated stable cell lines (n=6 biologically
2807	Competing interests	independent animals). d, Quantification analyses of wet lung weights. Data are the mean ± s.d. p values are shown. Two-tailed Student’s t-test. e, f,
2808	Competing interests	Kaplan-Meier survival data were plotted as the percent of mice surviving in the indicated group using a predefined cutoff tumor volume of 1.5 cm3. p values
2809	Competing interests	are shown. The Log-rank test was performed. NC, negative control shRNA. Vector, vector-only control. g, Representative images of mice from the tail
2810	Competing interests	vein injection metastasis model in vivo using the indicated stable cell lines (n=6 biologically independent animals). NC, negative control shRNA. Vector,
2811	Competing interests	vector-only control. Statistical source data are provided in Source Data Extended Data Fig. 5.
2815	Competing interests	Extended Data Fig. 6 | See next page for caption.
2819	Competing interests	Extended Data Fig. 6 | RAB22A-NeoF1 promotes osteosarcoma lung metastasis through interacting with SmgGDS607. a, Detection of SmgGDS in
2820	Competing interests	osteosarcoma cell lines by Western blotting. b, The effects of shRNA specially against the SmgGDS558 (BD), SmgGDS607 (C1) or both (I1, I2) in the
2821	Competing interests	indicated cells, as detected by Western blotting. NC, negative control shRNA. c, 293T cells co-transfected with the indicated plasmids for 48 h were
2822	Competing interests	subjected to the indicated assays. d, The co-IPs were performed using ZOS cells with IgG, mAb RAD5-8 or anti-SmgGDS at their endogenous levels, and
2823	Competing interests	were analyzed by Western blotting using hRAD5-8-V1-R5. e, SgRNA1, 2-mediated knockout of SmgGDS in RAB22A-NeoF1 overexpression cells with or
2824	Competing interests	without re-introduction of wild-type SmgGDS607 or its E254K+D256K mutant back were analyzed by Western blotting. Data in a-e are representatives
2825	Competing interests	of n = 3 biologically independent experiments. sgNC, negative control sgRNA. Vector, vector-only control. f, Quantification analyses of adhesion of the
2826	Competing interests	indicated cells used in e. mean ± s.d. of n=3 independent biological experiments. p values are shown. Two-tailed Student’s t-test. g–j, The orthotopic
2827	Competing interests	osteosarcoma metastasis model in vivo using the indicated stable cell lines used in e (n=6 biologically independent animals). g, i, Kaplan-Meier survival
2828	Competing interests	data were plotted as the percent of mice surviving in the indicated groups using a predefined cutoff tumor volume of 1.5 cm3. p values are shown. The
2829	Competing interests	Log-rank test was performed. h, j, Quantification analyses of wet lung weights. Data are the mean ± s.d. p values are shown. Two-tailed Student’s t-test.
2830	Competing interests	sgNC, negative control sgRNA. Vector, vector-only control. Statistical source data are provided in Source Data Extended Data Fig. 6.
2834	Competing interests	Extended Data Fig. 7 | SmgGDS607 is also crucial in lung metastasis of ZOS-M cells that have endogenous RAB22A-NeoF1. a, The detection of
2835	Competing interests	endogenous SmgGDS protein by Western blotting in the indicated ZOS-M stable cell lines. The experiments were repeated three times independently
2836	Competing interests	with similar results. NC, negative control sgRNA. b, c, Quantification analyses of adhesion (b) migration and invasion (c) assays using the indicated stable
2837	Competing interests	cell lines. mean ± s.d. of n=3 independent biological experiments. p values are shown. Two-tailed Student’s t-test. sgNC, negative control sgRNA.
2838	Competing interests	d–g, The orthotopic osteosarcoma metastasis model in vivo using the indicated stable cell lines (n=6 biologically independent animals). d, Representative
2839	Competing interests	images of mice. e, H&E staining of the lungs from representative tumor-bearing nude mice. Scale bars, 5mm. f, Quantification analyses of lung nodules.
2840	Competing interests	g, Quantification analyses of wet lung weights. f, g, Data are the mean ± s.d. p values are shown. A two-tailed Student’s t-test was performed. sgNC,
2841	Competing interests	negative control sgRNA. Statistical source data are provided in Source Data Extended Data Fig. 7.
2845	Competing interests	Extended Data Fig. 8 | See next page for caption.
2849	Competing interests	Extended Data Fig. 8 | Amino acids 1-10 of RAB22A-NeoF1 are responsible for its binding to SmgGDS607. a, The fragments of RAB22A-NeoF1.
2850	Competing interests	b, d, 293T cells co-transfected with the indicated plasmids for 48 h were subjected to the indicated assays. c, 293T cells transfected with the indicated
2851	Competing interests	plasmids were lysed and subjected to immunoprecipitation using streptomycin beads and then eluted with biotin. The eluates were incubated with the
2852	Competing interests	purified SmgGDS607-His protein and the immunoprecipitated complex using a nickel column followed by Western blotting. Vector, vector-only control.
2853	Competing interests	e, f, Detection of RhoA-GTP and membrane RhoA (RhoA-MEM) in the indicated stable cell lines by Western blotting. Data in b-f are representatives of
2854	Competing interests	n = 3 biologically independent experiments. Vector, vector-only control.
2858	Competing interests	Extended Data Fig. 9 | See next page for caption.
2862	Competing interests	Extended Data Fig. 9 | Both Arg4 and Lys7 of RAB22A-NeoF1 are required for the functions of RAB22A-NeoF1. a, g, Quantification analyses of adhesion
2863	Competing interests	of the indicated cells. Mean ± s.d. of n = 3 biologically independent experiments, p values are shown. Two-tailed Student’s t-test. Vector, vector-only
2864	Competing interests	control. b–d, h–j, The orthotopic osteosarcoma metastasis model in vivo using the indicated stable cell lines (n=6 biologically independent animals).
2865	Competing interests	b, h, Quantification analyses of wet lung weights. Data are the mean ± s.d. p values are shown. A two-tailed Student’s t-test was performed. c, d, i, j,
2866	Competing interests	Kaplan-Meier survival data were plotted as the percent of mice surviving in the indicated groups using a predefined cutoff tumor volume of 1.5 cm3.
2867	Competing interests	p values are shown. The Log-rank test was performed. Vector, vector-only control. e, Ambience of key residues of R4 and K7 in RAB22A. RAB22A is
2868	Competing interests	shown as a cartoon representation with residues 1-10 colored cyan. R4, K7, and the residues surrounding K7 are shown as ball-and-stick models. f, 293T
2869	Competing interests	cells transfected with the indicated plasmids were lysed and subjected to immunoprecipitation using streptomycin beads and then eluted with biotin.
2870	Competing interests	The eluates were incubated with the purified SmgGDS607-His protein and the immunoprecipitated complex using a nickel column followed by Western
2871	Competing interests	blotting. Data are representatives of n = 3 biologically independent experiments. Statistical source data are provided in Source Data Extended Data Fig. 9.
2875	Competing interests	Extended Data Fig. 10 | See next page for caption.
2879	Competing interests	Extended Data Fig. 10 | Blocking the interaction between RAB22A-NeoF1 and SmgGDS607 inhibits osteosarcoma lung metastasis. a, Biotin-labeled
2881	Competing interests	Western blotting. b, The expression of ITGAV and NRP1 in the indicated osteosarcoma cell lines by Western blotting. Data in a, b were representatives of n
2882	Competing interests	= 3 biologically independent experiments. c–f, Quantification analyses of the migration (c, e) and invasion (d, f) assays using the indicated stable cell lines
2883	Competing interests	with or without WT–iRGD or DD-iRGD treatment at the indicated concentrations. Mean ± s.d. of n = 3 biologically independent experiments. p values are
2884	Competing interests	shown. Two-tailed Student t-test. Vector, vector-only control. g, Quantification analyses of the migration and invasion assays using the ZOS and ZOS-M
2885	Competing interests	cell lines with or without 10 μM of WT–iRGD or DD-iRGD treatment. Mean ± s.d. of n = 4 biologically independent experiments. p values are shown.
2886	Competing interests	Two-tailed Student t-test. control, without peptide treatment as the control. h–k, The orthotopic osteosarcoma metastasis model in vivo using 143B-Luc
2887	Competing interests	cells stably expressing RAB22A-NeoF1 (i, j. n=8 biologically independent animals) or ZOS-M-Luc cells (k. n=6 biologically independent animals) with or
2888	Competing interests	without WT-iRGD or DD-iRGD treatment at 1 mg/ml and 10 mg/ml. h, The procedure for this experiment. i, k, Quantification analyses of wet lung weight.
2889	Competing interests	i, k, Mean ± s.d. p values are shown. Two-tailed Student’s t-test. j, Kaplan-Meier survival data were plotted as the percent of mice surviving in the indicated
2890	Competing interests	groups using a predefined cutoff tumor volume of 1.5 cm3. p values are shown. The Log-rank test was performed. Vector, vector-only control. Statistical
2891	Competing interests	source data are provided in Source Data Extended Data Fig. 10.
2893	Competing interests	1
2894	Competing interests	nature research  |  reporting summary
2895	Competing interests	October 2018
2896	Competing interests	Corresponding author(s):
2897	Competing interests	Tiebang Kang
2898	Competing interests	Last updated by author(s): Mar 18, 2020
2899	Competing interests	Reporting Summary
2901	Competing interests	in reporting. For further information on Nature Research policies, see Authors & Referees and the Editorial Policy Checklist.
2903	Competing interests	For all statistical analyses, conﬁrm that the following items are present in the ﬁgure legend, table legend, main text, or Methods section.
2906	Competing interests	The exact sample size (n) for each experimental group/condition, given as a discrete number and unit of measurement
2909	Competing interests	Only common tests should be described solely by name; describe more complex techniques in the Methods section.
2911	Competing interests	A description of any assumptions or corrections, such as tests of normality and adjustment for multiple comparisons
2912	Competing interests	A full description of the statistical parameters including central tendency (e.g. means) or other basic estimates (e.g. regression coeﬃcient)
2913	Competing interests	AND variation (e.g. standard deviation) or associated estimates of uncertainty (e.g. conﬁdence intervals)
2914	Competing interests	For null hypothesis testing, the test statistic (e.g. F, t, r) with conﬁdence intervals, eﬀect sizes, degrees of freedom and P value noted
2917	Competing interests	For hierarchical and complex designs, identiﬁcation of the appropriate level for tests and full reporting of outcomes
2918	Competing interests	Estimates of eﬀect sizes (e.g. Cohen's d, Pearson's r), indicating how they were calculated
2923	Competing interests	LightCycler480，IVIS Lumina Imaging System, Tanon-2500, NIKON ECLIPSE 80i, OLYMPUS IX73, Perkin Elmer Vectra2.0.8, Carl Zeiss Axio
2924	Competing interests	Image A2 Microscope, CCLE RNAseq data set, cBio TCGA data set, Osteosarcoma cell line data
2926	Competing interests	004-
2928	Competing interests	• Pair-end sequences were checked by FastQC (https://www.bioinformatics.babraham.ac.uk/projects/fastqc/) and trimmed by Trim-
2929	Competing interests	galore (https://github.com/FelixKrueger/TrimGalore)
2930	Competing interests	• For SQUID v1.1 (https://github.com/Kingsford-Group/squid):
2931	Competing interests	Sequences were aligned using STAR, 2.5.2b (https://github.com/alexdobin/STAR) using the following parameters: --twopassMode Basic --
2932	Competing interests	readFilesCommand zcat --outSAMtype BAM SortedByCoordinate --outReadsUnmapped Fastx --chimSegmentMin 15 --outSAMstrandField
2934	Competing interests	Chimeric sam was converted to bam using samtools view (https://github.com/samtools/samtools)
2935	Competing interests	SQUID were used using -G 1 -CO 1 parameters
2936	Competing interests	Fusion sequences containing mitochondria DNA was discarded and the results were annotated using GenomicRanges (https://
2937	Competing interests	bioconductor.org/packages/release/bioc/html/GenomicRanges.html) package in R (https://cran.r-project.org)
2939	Competing interests	The following command was used: tophat-o OUTPUTDIRECTORY-p8--fusion-search--keep-fasta-order--no-coverage-search-r0--mate-std-
2940	Competing interests	dev80--max-intron-length100000--fusion-min-dist100000--fusion-anchor-length13--fusion-ignore-chromosomes chM BOWTIE2_INDEX
2941	Competing interests	sample_1.fastq.gz sample_2.fastq. gz
2942	Competing interests	The results were ﬁltered using awk and annotated by GenomicRanges (https://bioconductor.org/packages/release/bioc/html/
2943	Competing interests	GenomicRanges.html) package in R (https://cran.r-project.org)
2944	Competing interests	Whole Genome sequencing
2945	Competing interests	• Pair-end sequences were checked by FastQC (https://www.bioinformatics.babraham.ac.uk/projects/fastqc/) and trimmed by Trim-
2946	Competing interests	galore (https://github.com/FelixKrueger/TrimGalore)
2947	Competing interests	• The sequences were aligned according to GATK best practice (https://gatk.broadinstitute.org/hc/en-us)
2948	Competing interests	2
2949	Competing interests	nature research  |  reporting summary
2950	Competing interests	October 2018
2951	Competing interests	Sequences were aligned to bwa v0.7.15(http://bio-bwa.sourceforge.net/) to hg38
2952	Competing interests	Sequence duplicates were removed and the bam file was sorted using PICARD v2.7.1 (https://github.com/broadinstitute/picard)
2953	Competing interests	Structural variants were retrieved using delly v0.7.7 (https://github.com/dellytools/delly)
2954	Competing interests	Structural variants were annotated by GenomicRanges (https://bioconductor.org/packages/release/bioc/html/GenomicRanges.html)
2955	Competing interests	package in R (https://cran.r-project.org) and visualized by circos v0.69-6 (http://circos.ca/)
2957	Competing interests	1. The 6GB and 90GB clean data per sample were collected for RNAseq and whole-genome sequencing (WGS), respectively, and these
2958	Competing interests	raw data can be accessed from bioproject PRJNA516866.
2959	Competing interests	2. RAB22a-NeoF1 binding partners identified by mass spectrum can be accessed through https://www.dropbox.com/s/d7v4tai54yewuha/
2960	Competing interests	fusion%20protein%20binding%20partners.xls?dl=0
2961	Competing interests	3. RAB22a fusion data in TCGA data set was retrieved from cBioPortal: http://www.cbioportal.org/
2962	Competing interests	4. RNAseq data of 931 cancer cell line encyclopedia was download from GDC Data portal: https://portal.gdc.cancer.gov/
2963	Competing interests	5. RNA22A point mutation data were retrieved from COSMIC (https://cancer.sanger.ac.uk/cosmic/) and cBioPortal (http://
2964	Competing interests	www.cbioportal.org/) database.
2965	Competing interests	For manuscripts utilizing custom algorithms or software that are central to the research but not yet described in published literature, software must be made available to editors/reviewers.
2966	Competing interests	We strongly encourage code deposition in a community repository (e.g. GitHub). See the Nature Research guidelines for submitting code & software for further information.
2969	Competing interests	All manuscripts must include a data availability statement. This statement should provide the following information, where applicable:
2974	Data availability	1) The 6GB and 90GB clean data per sample were collected for RNAseq and whole-genome sequencing (WGS), respectively, and these raw data can be accessed
2975	Data availability	from bioproject PRJNA516866.
2976	Data availability	2) RAB22a-NeoF1 binding partners identified by mass spectrum can be accessed through https://www.dropbox.com/s/d7v4tai54yewuha/fusion%20protein%
2977	Data availability	20binding%20partners.xls?dl=0
2978	Data availability	3) RAB22a fusion data in TCGA data set was retrieved from cBioPortal: http://www.cbioportal.org/
2979	Data availability	4) RNAseq data of 931 cancer cell line encyclopedia was download from GDC Data portal: https://portal.gdc.cancer.gov/
2980	Data availability	5) RNA22A point mutation data were retrieved from COSMIC (https://cancer.sanger.ac.uk/cosmic/) and cBioPortal (http://www.cbioportal.org/) database.
2981	Data availability	Field-specific reporting
2982	Data availability	Please select the one below that is the best fit for your research. If you are not sure, read the appropriate sections before making your selection.
2986	Data availability	For a reference copy of the document with all sections, see nature.com/documents/nr-reporting-summary-flat.pdf
2990	Data availability	Due to the high reproducibility and consistency between cell cultures, a sample size of n=3 would allow for adequate analysis to reach
2991	Data availability	meaningful conclusions of the data for in vitro studies. However, due to higher variance for in vivo studies, a higher sample size (n=6) is used
2992	Data availability	to compensate for this natural variance. In previous studies using related experiments, these sample sizes has been determined to be
2993	Data availability	sufficient to ensure reproducibility. The sample size was determined according to previous literatures in the same research area for statistical
3001	Data availability	All mice were  randomly allocated into experimental groups.
3002	Data availability	Blinding
3003	Data availability	The investigators were blinded to group allocation during collection and/or analysis.
3004	Data availability	Reporting for specific materials, systems and methods
3006	Data availability	system or method listed is relevant to your study. If you are not sure if a list item applies to your research, read the appropriate section before selecting a response.
3007	Data availability	3
3008	Data availability	nature research  |  reporting summary
3009	Data availability	October 2018
3016	Data availability	Human research participants
3022	Methods	MRI-based neuroimaging
3025	Methods	Flag 1:1000 (Cell Signaling, cat:14793, lot:4,), Myc 1:1000 (Cell Signaling, cat: 2272, Lot:6), HA 1:2000 (Cell Signaling, cat:3724,
3026	Methods	lot: 8), SmgGDS 1:1000 (Novus Biologicals, cat:NBP1-87027, lot:R08399), RhoA 1:1000 (Cell Signaling, cat:2117,lot:5), RhoB
3027	Methods	1:1000 (Cell Signaling, cat:2098, lot:2), RhoC 1:1000 (Cell Signaling, cat:3430, lot:5), GAPDH1:2000 (Cell Signaling, cat:52174,
3028	Methods	lot:20160317-01), Tubulin 1:2000 (Cell Signaling, cat:2148, lot: AA021751909N0064), mAb RAD5-8 (clone number:RAD5-8),
3029	Methods	Integrin V antibody 1:1000 (Cell Signaling, 4711, lot:2), NRP1 antibody 1:1000 (Cell Signaling, 3725, lot:1), anti-RAB22A-C
3030	Methods	antibody 1:1000 (Thermo, PA5-64298,), mAb RAD5-8 (1:1000), hRAD5-8-V1-R5 (1:1000), anti-RAB22A-N (1:500), Streptavidin
3031	Methods	Sepharose® High Performance (GE,17-5113-01,lot:71500470-EF), Rhotekin-RBD beads(cytoskeleton, RT02-A,lot:145), Ni
3032	Methods	Sepharose® High Performance(GE,17-5268-01,lot:71502810-EG)
3034	Methods	The validation and application of primary antibody were in online databases. The validation of  antibody RAD5-8 was in
3035	Methods	supplementary figure 4a.The validation of  antibody RAB22A-N,RAB22A-C was in supplementary figure 3c.The species of Flag,
3036	Methods	Myc, HA, SmgGDS, GAPDH, RhoA,RhoB,RhoC,Tubulin antibodies is Rabbit, the species of HA-agrose beads, Flag-agrose beads,
3037	Methods	Myc-agrose beads is Mouse. The Flag, Myc, HA, SmgGDS, GAPDH,RhoA,RhoB,RhoC Tubulin antibodies are used for western blot,
3038	Methods	the RhoA, SmgGDS, mAb RAD5-8, hRAD5-8-V1-R5 antibodies are used for WB and IP, Streptavidin Sepharose® High Performance,
3039	Methods	Rhotekin-RBD beads, Ni Sepharose® High Performance, Flag, HA, Myc agarose  are used for IP.
3043	Methods	The hFOB1.19,HOS, MNNGHOS, U2OS, MG63, 143B, U2OS/MTX300, Saos2 BT-474, HCC2935 and HEK293T embryonic kidney
3044	Methods	cells were obtained from the American Type Culture Collection (ATCC) , The ZOS and ZOS-M, syngeneic human osteosarcoma
3045	Methods	cell lines derived from a primary tumor and metastasis, respectively, from the same patient, Starting with U2OS
3046	Methods	osteosarcoma cell line, the MTX300-resistant variant was obtained by exposing the parental line in vitro to stepwise the
3049	Methods	Each cell line used were authenticated in Guangzhou Cellcook Biotech. 1. PCR is amplified with STR Multi-amplification Kit
3050	Methods	(PowerPlexTM16HS System); 2. PCR products are assayed with 3100 DNA Analyzer (Applied Biosystems®). 3. Amplification of
3051	Methods	gene COX1 and electrophoresis are employed to survey the species of the sample.
3052	Methods	Mycoplasma contamination
3054	Methods	Commonly misidentified lines
3056	Methods	no commonly misidentified cell lines were used
3058	Methods	Policy information about studies involving animals; ARRIVE guidelines recommended for reporting animal research
3060	Methods	Male 4-6-week-old BALB/c nude mice were used for our experiments.  Please see the Animal experiments section of Methods.
3066	Methods	Animal experiments were approved by the Animal Research Committee of Sun Yat-sen University Cancer Center and performed
3069	Methods	Human research participants
3070	Methods	Policy information about studies involving human research participants
3072	Methods	The primary tumors of patients were diagnosed as osteosarcoma, including  61 male and 36 female, and whose medium age was
3073	Methods	4
3074	Methods	nature research  |  reporting summary
3075	Methods	October 2018
3077	Methods	19.3  years and whose treatments included surgical resection combined with chemotherapy. Please see the Supplementary
3078	Methods	Table S2.
3080	Methods	Tumor specimens harvested from primary tumors of patients who underwent surgical resection at the Department of
3081	Methods	Musculoskeletal Oncology, First Affiliated Hospital, Sun Yat-sen University, between 2014 and 2017, were reviewed by a
3082	Methods	pathologist and immediately frozen and stored at −80°C until use (Supplementary Table S2). All samples were collected without
